ts,worker,kind,status,latency_s,detail
2026-08-03T06:00:12.758778+00:00,6,stt,ok,6.981,
2026-08-03T06:00:12.830789+00:00,3,stt,ok,7.178,
2026-08-03T06:00:13.291958+00:00,81,stt,ok,5.853,
2026-08-03T06:00:13.544065+00:00,103,stt,ok,5.689,
2026-08-03T06:00:13.695483+00:00,18,stt,ok,7.667,
2026-08-03T06:00:13.764220+00:00,31,stt,ok,7.31,
2026-08-03T06:00:13.787507+00:00,76,stt,ok,6.444,
2026-08-03T06:00:13.822614+00:00,25,stt,ok,7.581,
2026-08-03T06:00:13.874751+00:00,8,stt,ok,8.055,
2026-08-03T06:00:13.935540+00:00,46,stt,ok,7.19,
2026-08-03T06:00:13.985583+00:00,9,stt,ok,8.125,
2026-08-03T06:00:14.030008+00:00,106,stt,ok,6.078,
2026-08-03T06:00:14.031729+00:00,0,stt,ok,8.423,
2026-08-03T06:00:14.077096+00:00,61,stt,ok,7.078,
2026-08-03T06:00:14.129009+00:00,10,stt,ok,8.227,
2026-08-03T06:00:14.178415+00:00,59,stt,ok,7.229,
2026-08-03T06:00:14.294788+00:00,57,stt,ok,7.39,
2026-08-03T06:00:14.350989+00:00,30,stt,ok,7.941,
2026-08-03T06:00:14.351989+00:00,43,stt,ok,7.66,
2026-08-03T06:00:14.398693+00:00,20,stt,ok,8.327,
2026-08-03T06:00:14.399873+00:00,114,stt,ok,6.261,
2026-08-03T06:00:14.400185+00:00,32,stt,ok,7.904,
2026-08-03T06:00:14.442489+00:00,33,stt,ok,7.905,
2026-08-03T06:00:14.446623+00:00,27,stt,ok,8.162,
2026-08-03T06:00:14.461217+00:00,28,stt,ok,8.093,
2026-08-03T06:00:14.509661+00:00,105,stt,ok,6.606,
2026-08-03T06:00:14.556480+00:00,77,stt,ok,7.168,
2026-08-03T06:00:14.598304+00:00,62,stt,ok,7.552,
2026-08-03T06:00:14.633224+00:00,4,stt,ok,8.939,
2026-08-03T06:00:14.762666+00:00,14,stt,ok,8.818,
2026-08-03T06:00:14.791063+00:00,91,stt,ok,7.166,
2026-08-03T06:00:14.845644+00:00,95,stt,ok,7.125,
2026-08-03T06:00:14.865686+00:00,40,stt,ok,8.241,
2026-08-03T06:00:14.913116+00:00,65,stt,ok,7.771,
2026-08-03T06:00:14.957564+00:00,54,stt,ok,8.103,
2026-08-03T06:00:15.003045+00:00,87,stt,ok,7.467,
2026-08-03T06:00:15.048043+00:00,120,stt,ok,6.766,
2026-08-03T06:00:15.049347+00:00,5,stt,ok,9.314,
2026-08-03T06:00:15.089662+00:00,109,stt,ok,7.09,
2026-08-03T06:00:15.311589+00:00,124,stt,ok,6.979,
2026-08-03T06:00:15.395593+00:00,96,stt,ok,7.631,
2026-08-03T06:00:15.444814+00:00,16,stt,ok,9.458,
2026-08-03T06:00:15.538001+00:00,82,stt,ok,8.054,
2026-08-03T06:00:15.646401+00:00,93,stt,ok,7.972,
2026-08-03T06:00:15.706507+00:00,26,stt,ok,9.465,
2026-08-03T06:00:15.707409+00:00,72,stt,ok,8.418,
2026-08-03T06:00:15.747488+00:00,71,stt,ok,8.504,
2026-08-03T06:00:15.800869+00:00,112,stt,ok,7.708,
2026-08-03T06:00:15.990917+00:00,90,stt,ok,8.408,
2026-08-03T06:00:16.041960+00:00,70,stt,ok,8.845,
2026-08-03T06:00:16.049558+00:00,126,stt,ok,7.618,
2026-08-03T06:00:16.103441+00:00,64,stt,ok,9.01,
2026-08-03T06:00:16.354209+00:00,118,stt,ok,8.119,
2026-08-03T06:00:16.623716+00:00,125,stt,ok,8.24,
2026-08-03T06:00:16.716524+00:00,23,stt,ok,10.561,
2026-08-03T06:00:16.807329+00:00,22,stt,ok,10.652,
2026-08-03T06:00:17.194389+00:00,110,stt,ok,9.15,
2026-08-03T06:00:17.350219+00:00,21,stt,ok,11.237,
2026-08-03T06:00:17.434722+00:00,115,stt,ok,9.253,
2026-08-03T06:00:18.238814+00:00,38,stt,ok,11.658,
2026-08-03T06:00:19.000748+00:00,102,stt,ok,11.188,
2026-08-03T06:00:19.765702+00:00,18,stt,ok,6.07,
2026-08-03T06:00:20.068176+00:00,9,stt,ok,6.083,
2026-08-03T06:00:20.105708+00:00,11,tts,ok,14.161,
2026-08-03T06:00:20.422183+00:00,83,tts,ok,12.892,
2026-08-03T06:00:20.504759+00:00,25,stt,ok,6.682,
2026-08-03T06:00:20.521066+00:00,10,stt,ok,6.392,
2026-08-03T06:00:20.643422+00:00,46,stt,ok,6.708,
2026-08-03T06:00:20.728979+00:00,98,tts,ok,12.918,
2026-08-03T06:00:20.926348+00:00,42,tts,ok,14.243,
2026-08-03T06:00:20.961858+00:00,65,stt,ok,6.049,
2026-08-03T06:00:20.971444+00:00,43,stt,ok,6.619,
2026-08-03T06:00:21.050172+00:00,3,stt,ok,8.219,
2026-08-03T06:00:21.173236+00:00,37,tts,ok,14.593,
2026-08-03T06:00:21.207573+00:00,32,stt,ok,6.807,
2026-08-03T06:00:21.264505+00:00,54,stt,ok,6.307,
2026-08-03T06:00:21.269700+00:00,45,tts,ok,14.526,
2026-08-03T06:00:21.692798+00:00,87,stt,ok,6.69,
2026-08-03T06:00:21.898910+00:00,92,tts,ok,14.229,
2026-08-03T06:00:21.954584+00:00,91,stt,ok,7.163,
2026-08-03T06:00:21.955406+00:00,0,stt,ok,7.924,
2026-08-03T06:00:22.002005+00:00,126,stt,ok,5.952,
2026-08-03T06:00:22.134687+00:00,90,stt,ok,6.144,
2026-08-03T06:00:22.187558+00:00,71,stt,ok,6.44,
2026-08-03T06:00:22.323084+00:00,56,tts,ok,15.42,
2026-08-03T06:00:22.329471+00:00,78,tts,ok,14.898,
2026-08-03T06:00:22.381780+00:00,21,stt,ok,5.031,
2026-08-03T06:00:22.476037+00:00,2,tts,ok,16.824,
2026-08-03T06:00:22.567110+00:00,1,tts,ok,16.916,
2026-08-03T06:00:22.568402+00:00,109,stt,ok,7.479,
2026-08-03T06:00:22.632092+00:00,57,stt,ok,8.337,
2026-08-03T06:00:22.917516+00:00,105,stt,ok,8.408,
2026-08-03T06:00:22.961664+00:00,29,tts,ok,16.552,
2026-08-03T06:00:23.244855+00:00,4,stt,ok,8.612,
2026-08-03T06:00:23.329860+00:00,124,stt,ok,8.018,
2026-08-03T06:00:23.395767+00:00,93,stt,ok,7.749,
2026-08-03T06:00:23.443011+00:00,112,stt,ok,7.642,
2026-08-03T06:00:24.250371+00:00,22,stt,ok,7.443,
2026-08-03T06:00:24.323185+00:00,125,stt,ok,7.699,
2026-08-03T06:00:24.422663+00:00,96,stt,ok,9.027,
2026-08-03T06:00:24.475842+00:00,100,tts,ok,16.664,
2026-08-03T06:00:24.552200+00:00,38,stt,ok,6.313,
2026-08-03T06:00:24.606871+00:00,40,stt,ok,9.741,
2026-08-03T06:00:24.923547+00:00,51,tts,ok,18.077,
2026-08-03T06:00:25.844120+00:00,102,stt,ok,6.843,
2026-08-03T06:00:26.101382+00:00,80,tts,ok,18.663,
2026-08-03T06:00:26.524423+00:00,79,tts,ok,19.088,
2026-08-03T06:00:26.596900+00:00,36,tts,ok,20.017,
2026-08-03T06:00:26.646052+00:00,39,tts,ok,20.021,
2026-08-03T06:00:26.841017+00:00,113,tts,ok,18.706,
2026-08-03T06:00:27.129019+00:00,32,stt,ok,5.921,
2026-08-03T06:00:27.142481+00:00,121,tts,ok,18.815,
2026-08-03T06:00:27.180905+00:00,47,tts,ok,20.391,
2026-08-03T06:00:27.244321+00:00,83,stt,ok,6.822,
2026-08-03T06:00:27.305607+00:00,99,tts,ok,19.494,
2026-08-03T06:00:27.341505+00:00,116,tts,ok,19.11,
2026-08-03T06:00:27.561768+00:00,101,tts,ok,19.749,
2026-08-03T06:00:27.643103+00:00,94,tts,ok,19.923,
2026-08-03T06:00:27.715171+00:00,53,tts,ok,20.865,
2026-08-03T06:00:27.938234+00:00,49,stt,ok,21.142,
2026-08-03T06:00:28.062644+00:00,41,tts,ok,21.385,
2026-08-03T06:00:28.615737+00:00,90,stt,ok,6.481,
2026-08-03T06:00:28.741583+00:00,123,tts,ok,20.41,
2026-08-03T06:00:28.898491+00:00,7,tts,ok,23.079,
2026-08-03T06:00:28.967632+00:00,58,tts,ok,22.018,
2026-08-03T06:00:29.017790+00:00,12,tts,ok,23.073,
2026-08-03T06:00:29.023317+00:00,48,tts,ok,22.231,
2026-08-03T06:00:29.039810+00:00,106,tts,ok,15.01,
2026-08-03T06:00:29.092834+00:00,44,tts,ok,22.359,
2026-08-03T06:00:29.097526+00:00,20,tts,ok,14.699,
2026-08-03T06:00:29.226831+00:00,117,tts,ok,20.993,
2026-08-03T06:00:29.255950+00:00,92,stt,ok,7.357,
2026-08-03T06:00:29.288543+00:00,63,tts,ok,22.199,
2026-08-03T06:00:29.332221+00:00,11,stt,ok,9.226,
2026-08-03T06:00:29.344451+00:00,59,tts,ok,15.166,
2026-08-03T06:00:29.410533+00:00,66,tts,ok,22.221,
2026-08-03T06:00:29.442894+00:00,78,stt,ok,7.113,
2026-08-03T06:00:29.448263+00:00,85,tts,ok,21.914,
2026-08-03T06:00:29.517609+00:00,60,tts,ok,22.519,
2026-08-03T06:00:29.566253+00:00,87,stt,ok,7.873,
2026-08-03T06:00:29.592248+00:00,74,tts,ok,22.255,
2026-08-03T06:00:29.616964+00:00,109,stt,ok,7.049,
2026-08-03T06:00:29.854295+00:00,127,tts,ok,21.378,
2026-08-03T06:00:30.130404+00:00,84,tts,ok,22.599,
2026-08-03T06:00:30.685244+00:00,33,tts,ok,16.243,
2026-08-03T06:00:31.009090+00:00,43,stt,ok,10.038,
2026-08-03T06:00:31.301083+00:00,51,stt,ok,6.377,
2026-08-03T06:00:31.360293+00:00,125,stt,ok,7.037,
2026-08-03T06:00:31.420740+00:00,97,tts,ok,23.61,
2026-08-03T06:00:31.470768+00:00,50,tts,ok,24.629,
2026-08-03T06:00:31.673529+00:00,55,tts,ok,24.771,
2026-08-03T06:00:31.801474+00:00,22,stt,ok,7.551,
2026-08-03T06:00:31.887056+00:00,124,stt,ok,8.557,
2026-08-03T06:00:31.978462+00:00,102,stt,ok,6.134,
2026-08-03T06:00:32.081850+00:00,24,tts,ok,25.842,
2026-08-03T06:00:32.151289+00:00,2,stt,ok,9.675,
2026-08-03T06:00:32.212989+00:00,28,tts,ok,17.752,
2026-08-03T06:00:32.635340+00:00,93,stt,ok,9.24,
2026-08-03T06:00:32.961810+00:00,17,tts,ok,26.933,
2026-08-03T06:00:33.071677+00:00,76,tts,ok,19.284,
2026-08-03T06:00:33.348016+00:00,38,stt,ok,8.796,
2026-08-03T06:00:33.491335+00:00,39,stt,ok,6.845,
2026-08-03T06:00:33.695551+00:00,113,stt,ok,6.855,
2026-08-03T06:00:33.764388+00:00,23,tts,ok,17.048,
2026-08-03T06:00:33.829152+00:00,36,stt,ok,7.232,
2026-08-03T06:00:34.013934+00:00,112,stt,ok,10.571,
2026-08-03T06:00:34.067613+00:00,83,stt,ok,6.823,
2026-08-03T06:00:34.200467+00:00,25,tts,ok,13.696,
2026-08-03T06:00:34.252672+00:00,80,stt,ok,8.151,
2026-08-03T06:00:34.254897+00:00,79,stt,ok,7.73,
2026-08-03T06:00:34.259197+00:00,6,tts,ok,21.5,
2026-08-03T06:00:34.316805+00:00,111,tts,ok,26.226,
2026-08-03T06:00:34.365959+00:00,116,stt,ok,7.024,
2026-08-03T06:00:34.471041+00:00,27,tts,ok,20.024,
2026-08-03T06:00:34.523846+00:00,61,tts,ok,20.447,
2026-08-03T06:00:34.579551+00:00,46,tts,ok,13.936,
2026-08-03T06:00:34.787312+00:00,120,tts,ok,19.739,
2026-08-03T06:00:34.816331+00:00,52,tts,ok,27.969,
2026-08-03T06:00:34.960025+00:00,106,stt,ok,5.92,
2026-08-03T06:00:34.970272+00:00,53,stt,ok,7.255,
2026-08-03T06:00:35.007086+00:00,86,tts,ok,27.471,
2026-08-03T06:00:35.160873+00:00,62,tts,ok,20.563,
2026-08-03T06:00:35.237529+00:00,108,tts,ok,27.239,
2026-08-03T06:00:35.330753+00:00,85,stt,ok,5.882,
2026-08-03T06:00:35.355547+00:00,16,tts,ok,19.911,
2026-08-03T06:00:35.473586+00:00,26,tts,ok,19.767,
2026-08-03T06:00:35.518561+00:00,5,tts,ok,20.469,
2026-08-03T06:00:35.780592+00:00,110,tts,ok,18.586,
2026-08-03T06:00:35.958500+00:00,7,stt,ok,7.06,
2026-08-03T06:00:36.011806+00:00,126,tts,ok,14.01,
2026-08-03T06:00:36.063683+00:00,91,tts,ok,14.109,
2026-08-03T06:00:36.068276+00:00,118,tts,ok,19.714,
2026-08-03T06:00:36.114194+00:00,20,stt,ok,7.017,
2026-08-03T06:00:36.164189+00:00,119,tts,ok,27.883,
2026-08-03T06:00:36.253635+00:00,84,stt,ok,6.123,
2026-08-03T06:00:36.308870+00:00,19,tts,ok,30.238,
2026-08-03T06:00:36.705718+00:00,72,tts,ok,20.998,
2026-08-03T06:00:36.865458+00:00,107,tts,ok,28.868,
2026-08-03T06:00:37.151765+00:00,75,tts,ok,29.809,
2026-08-03T06:00:37.333098+00:00,127,stt,ok,7.479,
2026-08-03T06:00:37.362518+00:00,64,tts,ok,21.259,
2026-08-03T06:00:37.404845+00:00,68,tts,ok,30.21,
2026-08-03T06:00:37.444924+00:00,60,stt,ok,7.927,
2026-08-03T06:00:37.883001+00:00,14,tts,ok,23.12,
2026-08-03T06:00:38.063598+00:00,105,tts,ok,15.146,
2026-08-03T06:00:38.117291+00:00,37,tts,ok,16.944,
2026-08-03T06:00:38.178301+00:00,88,tts,ok,30.599,
2026-08-03T06:00:38.255525+00:00,34,tts,ok,31.676,
2026-08-03T06:00:38.466616+00:00,10,tts,ok,17.945,
2026-08-03T06:00:38.587727+00:00,89,tts,ok,31.006,
2026-08-03T06:00:38.724363+00:00,27,stt,ok,4.253,
2026-08-03T06:00:38.756793+00:00,82,tts,ok,23.219,
2026-08-03T06:00:38.841598+00:00,125,stt,ok,7.481,
2026-08-03T06:00:39.285319+00:00,13,tts,ok,33.341,
2026-08-03T06:00:39.342914+00:00,17,stt,ok,6.381,
2026-08-03T06:00:39.393043+00:00,28,stt,ok,7.18,
2026-08-03T06:00:39.603353+00:00,38,stt,ok,6.255,
2026-08-03T06:00:39.610048+00:00,39,stt,ok,6.119,
2026-08-03T06:00:39.618637+00:00,76,stt,ok,6.547,
2026-08-03T06:00:39.659393+00:00,93,stt,ok,7.024,
2026-08-03T06:00:40.011998+00:00,2,stt,ok,7.861,
2026-08-03T06:00:40.096695+00:00,99,tts,ok,12.791,
2026-08-03T06:00:40.487915+00:00,3,tts,ok,19.438,
2026-08-03T06:00:40.551230+00:00,25,stt,ok,6.351,
2026-08-03T06:00:40.603506+00:00,35,tts,ok,34.024,
2026-08-03T06:00:40.642953+00:00,5,stt,ok,5.124,
2026-08-03T06:00:40.760532+00:00,21,tts,ok,18.379,
2026-08-03T06:00:40.919613+00:00,116,stt,ok,6.554,
2026-08-03T06:00:41.002599+00:00,104,tts,ok,33.103,
2026-08-03T06:00:41.174829+00:00,29,tts,ok,18.213,
2026-08-03T06:00:41.294998+00:00,111,stt,ok,6.978,
2026-08-03T06:00:41.336345+00:00,23,stt,ok,7.572,
2026-08-03T06:00:41.445200+00:00,51,stt,ok,10.144,
2026-08-03T06:00:41.672713+00:00,118,stt,ok,5.604,
2026-08-03T06:00:41.741197+00:00,69,tts,ok,34.544,
2026-08-03T06:00:41.771776+00:00,112,stt,ok,7.758,
2026-08-03T06:00:41.824448+00:00,84,stt,ok,5.571,
2026-08-03T06:00:42.068523+00:00,92,tts,ok,12.813,
2026-08-03T06:00:42.251996+00:00,20,stt,ok,6.138,
2026-08-03T06:00:42.332124+00:00,33,stt,ok,11.647,
2026-08-03T06:00:42.364648+00:00,126,stt,ok,6.353,
2026-08-03T06:00:42.670886+00:00,122,tts,ok,34.34,
2026-08-03T06:00:42.724260+00:00,43,stt,ok,11.715,
2026-08-03T06:00:42.822483+00:00,61,stt,ok,8.299,
2026-08-03T06:00:43.036256+00:00,22,stt,ok,11.235,
2026-08-03T06:00:43.143936+00:00,100,tts,ok,18.668,
2026-08-03T06:00:43.448702+00:00,93,stt,rate_limited,3.789,[VERTEX] Rate limit / quota exceeded (code: 429 RESOURCE_EXHAUSTED): Resource exhausted. Please try again later. Please refer to https://cloud.google.com/vertex-ai/generative-ai/docs/error-code-429 for more details.. You have hit Vertex AI's per-minute or per-day quota for this model. Wait at least
2026-08-03T06:00:43.466495+00:00,58,stt,ok,14.499,
2026-08-03T06:00:43.689718+00:00,40,tts,ok,19.083,
2026-08-03T06:00:43.720557+00:00,7,stt,ok,7.762,
2026-08-03T06:00:43.880635+00:00,56,tts,ok,21.558,
2026-08-03T06:00:43.888064+00:00,121,tts,ok,16.746,
2026-08-03T06:00:44.436082+00:00,60,stt,ok,6.991,
2026-08-03T06:00:45.131365+00:00,112,stt,rate_limited,3.36,[VERTEX] Rate limit / quota exceeded (code: 429 RESOURCE_EXHAUSTED): Resource exhausted. Please try again later. Please refer to https://cloud.google.com/vertex-ai/generative-ai/docs/error-code-429 for more details.. You have hit Vertex AI's per-minute or per-day quota for this model. Wait at least
2026-08-03T06:00:45.211063+00:00,11,tts,ok,15.879,
2026-08-03T06:00:45.263107+00:00,29,stt,rate_limited,4.088,[VERTEX] Rate limit / quota exceeded (code: 429 RESOURCE_EXHAUSTED): Resource exhausted. Please try again later. Please refer to https://cloud.google.com/vertex-ai/generative-ai/docs/error-code-429 for more details.. You have hit Vertex AI's per-minute or per-day quota for this model. Wait at least
2026-08-03T06:00:45.507006+00:00,14,stt,ok,7.624,
2026-08-03T06:00:45.719332+00:00,95,tts,ok,30.874,
2026-08-03T06:00:45.783534+00:00,99,stt,ok,5.687,
2026-08-03T06:00:46.157511+00:00,1,tts,ok,23.59,
2026-08-03T06:00:46.257165+00:00,5,stt,ok,5.614,
2026-08-03T06:00:46.362309+00:00,96,tts,ok,21.94,
2026-08-03T06:00:46.494471+00:00,82,stt,ok,7.738,
2026-08-03T06:00:46.629027+00:00,81,tts,ok,33.337,
2026-08-03T06:00:46.637683+00:00,25,stt,ok,6.086,
2026-08-03T06:00:47.045708+00:00,87,tts,ok,17.479,
2026-08-03T06:00:47.265064+00:00,78,tts,ok,17.822,
2026-08-03T06:00:47.323051+00:00,2,stt,ok,7.311,
2026-08-03T06:00:47.476485+00:00,21,stt,ok,6.716,
2026-08-03T06:00:47.535068+00:00,50,tts,ok,16.064,
2026-08-03T06:00:47.584033+00:00,57,tts,ok,24.952,
2026-08-03T06:00:47.585940+00:00,13,stt,ok,8.301,
2026-08-03T06:00:47.587376+00:00,51,stt,ok,6.142,
2026-08-03T06:00:47.794528+00:00,30,tts,ok,33.444,
2026-08-03T06:00:47.860480+00:00,90,tts,ok,19.245,
2026-08-03T06:00:47.862331+00:00,43,stt,rate_limited,5.138,[VERTEX] Rate limit / quota exceeded (code: 429 RESOURCE_EXHAUSTED): Resource exhausted. Please try again later. Please refer to https://cloud.google.com/vertex-ai/generative-ai/docs/error-code-429 for more details.. You have hit Vertex AI's per-minute or per-day quota for this model. Wait at least
2026-08-03T06:00:48.256451+00:00,48,tts,ok,19.233,
2026-08-03T06:00:48.292709+00:00,3,stt,ok,7.805,
2026-08-03T06:00:48.442070+00:00,49,tts,ok,20.504,
2026-08-03T06:00:48.811735+00:00,118,stt,ok,7.139,
2026-08-03T06:00:49.018529+00:00,86,tts,ok,14.011,
2026-08-03T06:00:49.077368+00:00,104,stt,ok,8.075,
2026-08-03T06:00:49.222659+00:00,92,stt,ok,7.154,
2026-08-03T06:00:49.571306+00:00,117,tts,ok,20.344,
2026-08-03T06:00:49.699103+00:00,95,stt,rate_limited,3.98,[VERTEX] Rate limit / quota exceeded (code: 429 RESOURCE_EXHAUSTED): Resource exhausted. Please try again later. Please refer to https://cloud.google.com/vertex-ai/generative-ai/docs/error-code-429 for more details.. You have hit Vertex AI's per-minute or per-day quota for this model. Wait at least
2026-08-03T06:00:49.763944+00:00,96,stt,rate_limited,3.402,[VERTEX] Rate limit / quota exceeded (code: 429 RESOURCE_EXHAUSTED): Resource exhausted. Please try again later. Please refer to https://cloud.google.com/vertex-ai/generative-ai/docs/error-code-429 for more details.. You have hit Vertex AI's per-minute or per-day quota for this model. Wait at least
2026-08-03T06:00:50.121629+00:00,46,tts,ok,15.542,
2026-08-03T06:00:50.408340+00:00,94,tts,ok,22.765,
2026-08-03T06:00:50.476705+00:00,100,stt,ok,7.333,
2026-08-03T06:00:50.616617+00:00,65,tts,ok,29.655,
2026-08-03T06:00:50.706464+00:00,16,tts,ok,15.351,
2026-08-03T06:00:50.902716+00:00,2,stt,rate_limited,3.58,[VERTEX] Rate limit / quota exceeded (code: 429 RESOURCE_EXHAUSTED): Resource exhausted. Please try again later. Please refer to https://cloud.google.com/vertex-ai/generative-ai/docs/error-code-429 for more details.. You have hit Vertex AI's per-minute or per-day quota for this model. Wait at least
2026-08-03T06:00:51.250696+00:00,9,tts,ok,31.182,
2026-08-03T06:00:51.299886+00:00,115,tts,ok,33.865,
2026-08-03T06:00:51.316955+00:00,112,stt,rate_limited,6.185,[VERTEX] Rate limit / quota exceeded (code: 429 RESOURCE_EXHAUSTED): Resource exhausted. Please try again later. Please refer to https://cloud.google.com/vertex-ai/generative-ai/docs/error-code-429 for more details.. You have hit Vertex AI's per-minute or per-day quota for this model. Wait at least
2026-08-03T06:00:51.372581+00:00,87,stt,rate_limited,4.327,[VERTEX] Rate limit / quota exceeded (code: 429 RESOURCE_EXHAUSTED): Resource exhausted. Please try again later. Please refer to https://cloud.google.com/vertex-ai/generative-ai/docs/error-code-429 for more details.. You have hit Vertex AI's per-minute or per-day quota for this model. Wait at least
2026-08-03T06:00:51.548093+00:00,58,stt,ok,8.082,
2026-08-03T06:00:51.627010+00:00,120,tts,ok,16.84,
2026-08-03T06:00:52.005529+00:00,66,tts,ok,22.595,
2026-08-03T06:00:52.093949+00:00,59,tts,ok,22.75,
2026-08-03T06:00:52.146690+00:00,118,stt,rate_limited,3.335,[VERTEX] Rate limit / quota exceeded (code: 429 RESOURCE_EXHAUSTED): Resource exhausted. Please try again later. Please refer to https://cloud.google.com/vertex-ai/generative-ai/docs/error-code-429 for more details.. You have hit Vertex AI's per-minute or per-day quota for this model. Wait at least
2026-08-03T06:00:52.335123+00:00,62,tts,ok,17.174,
2026-08-03T06:00:52.433602+00:00,11,stt,ok,7.223,
2026-08-03T06:00:52.609638+00:00,114,tts,ok,38.21,
2026-08-03T06:00:52.672112+00:00,99,stt,ok,6.889,
2026-08-03T06:00:52.736875+00:00,72,tts,ok,16.031,
2026-08-03T06:00:52.786149+00:00,108,tts,ok,17.549,
2026-08-03T06:00:52.831236+00:00,65,stt,rate_limited,2.215,[VERTEX] Rate limit / quota exceeded (code: 429 RESOURCE_EXHAUSTED): Resource exhausted. Please try again later. Please refer to https://cloud.google.com/vertex-ai/generative-ai/docs/error-code-429 for more details.. You have hit Vertex AI's per-minute or per-day quota for this model. Wait at least
2026-08-03T06:00:52.896984+00:00,19,tts,ok,16.588,
2026-08-03T06:00:52.947316+00:00,63,tts,ok,23.659,
2026-08-03T06:00:52.965450+00:00,12,tts,ok,23.948,
2026-08-03T06:00:53.042382+00:00,98,tts,ok,32.313,
2026-08-03T06:00:53.095754+00:00,36,tts,ok,19.267,
2026-08-03T06:00:53.123775+00:00,88,tts,ok,14.945,
2026-08-03T06:00:53.186467+00:00,80,tts,ok,18.934,
2026-08-03T06:00:53.620113+00:00,22,stt,ok,10.584,
2026-08-03T06:00:53.788920+00:00,5,stt,ok,7.532,
2026-08-03T06:00:53.846951+00:00,91,tts,ok,17.783,
2026-08-03T06:00:53.859924+00:00,4,tts,ok,30.615,
2026-08-03T06:00:53.934096+00:00,44,tts,ok,24.841,
2026-08-03T06:00:54.141259+00:00,55,tts,ok,22.468,
2026-08-03T06:00:54.171833+00:00,75,tts,ok,17.02,
2026-08-03T06:00:54.263819+00:00,118,stt,rate_limited,2.117,[VERTEX] Rate limit / quota exceeded (code: 429 RESOURCE_EXHAUSTED): Resource exhausted. Please try again later. Please refer to https://cloud.google.com/vertex-ai/generative-ai/docs/error-code-429 for more details.. You have hit Vertex AI's per-minute or per-day quota for this model. Wait at least
2026-08-03T06:00:54.312225+00:00,100,stt,rate_limited,3.836,[VERTEX] Rate limit / quota exceeded (code: 429 RESOURCE_EXHAUSTED): Resource exhausted. Please try again later. Please refer to https://cloud.google.com/vertex-ai/generative-ai/docs/error-code-429 for more details.. You have hit Vertex AI's per-minute or per-day quota for this model. Wait at least
2026-08-03T06:00:54.317659+00:00,52,tts,ok,19.501,
2026-08-03T06:00:54.375514+00:00,79,tts,ok,20.121,
2026-08-03T06:00:54.442185+00:00,124,tts,ok,22.555,
2026-08-03T06:00:54.542602+00:00,53,tts,ok,19.572,
2026-08-03T06:00:54.699767+00:00,87,stt,rate_limited,3.327,[VERTEX] Rate limit / quota exceeded (code: 429 RESOURCE_EXHAUSTED): Resource exhausted. Please try again later. Please refer to https://cloud.google.com/vertex-ai/generative-ai/docs/error-code-429 for more details.. You have hit Vertex AI's per-minute or per-day quota for this model. Wait at least
2026-08-03T06:00:54.910011+00:00,68,tts,ok,17.505,
2026-08-03T06:00:55.214105+00:00,86,stt,rate_limited,6.196,[VERTEX] Rate limit / quota exceeded (code: 429 RESOURCE_EXHAUSTED): Resource exhausted. Please try again later. Please refer to https://cloud.google.com/vertex-ai/generative-ai/docs/error-code-429 for more details.. You have hit Vertex AI's per-minute or per-day quota for this model. Wait at least
2026-08-03T06:00:55.293062+00:00,30,stt,ok,7.498,
2026-08-03T06:00:55.539084+00:00,2,stt,rate_limited,4.636,[VERTEX] Rate limit / quota exceeded (code: 429 RESOURCE_EXHAUSTED): Resource exhausted. Please try again later. Please refer to https://cloud.google.com/vertex-ai/generative-ai/docs/error-code-429 for more details.. You have hit Vertex AI's per-minute or per-day quota for this model. Wait at least
2026-08-03T06:00:55.716821+00:00,59,stt,rate_limited,3.623,[VERTEX] Rate limit / quota exceeded (code: 429 RESOURCE_EXHAUSTED): Resource exhausted. Please try again later. Please refer to https://cloud.google.com/vertex-ai/generative-ai/docs/error-code-429 for more details.. You have hit Vertex AI's per-minute or per-day quota for this model. Wait at least
2026-08-03T06:00:55.780080+00:00,39,tts,ok,16.17,
2026-08-03T06:00:56.060628+00:00,108,stt,rate_limited,3.274,[VERTEX] Rate limit / quota exceeded (code: 429 RESOURCE_EXHAUSTED): Resource exhausted. Please try again later. Please refer to https://cloud.google.com/vertex-ai/generative-ai/docs/error-code-429 for more details.. You have hit Vertex AI's per-minute or per-day quota for this model. Wait at least
2026-08-03T06:00:56.153233+00:00,83,tts,ok,22.086,
2026-08-03T06:00:56.453124+00:00,94,stt,ok,6.045,
2026-08-03T06:00:56.663135+00:00,119,tts,ok,20.499,
2026-08-03T06:00:56.736573+00:00,98,stt,rate_limited,3.694,[VERTEX] Rate limit / quota exceeded (code: 429 RESOURCE_EXHAUSTED): Resource exhausted. Please try again later. Please refer to https://cloud.google.com/vertex-ai/generative-ai/docs/error-code-429 for more details.. You have hit Vertex AI's per-minute or per-day quota for this model. Wait at least
2026-08-03T06:00:57.046796+00:00,21,stt,ok,9.57,
2026-08-03T06:00:57.195004+00:00,5,stt,rate_limited,3.406,[VERTEX] Rate limit / quota exceeded (code: 429 RESOURCE_EXHAUSTED): Resource exhausted. Please try again later. Please refer to https://cloud.google.com/vertex-ai/generative-ai/docs/error-code-429 for more details.. You have hit Vertex AI's per-minute or per-day quota for this model. Wait at least
2026-08-03T06:00:57.254192+00:00,99,stt,rate_limited,4.582,[VERTEX] Rate limit / quota exceeded (code: 429 RESOURCE_EXHAUSTED): Resource exhausted. Please try again later. Please refer to https://cloud.google.com/vertex-ai/generative-ai/docs/error-code-429 for more details.. You have hit Vertex AI's per-minute or per-day quota for this model. Wait at least
2026-08-03T06:00:57.455909+00:00,112,stt,ok,6.139,
2026-08-03T06:00:57.459837+00:00,6,tts,ok,23.201,
2026-08-03T06:00:57.630606+00:00,50,stt,ok,10.096,
2026-08-03T06:00:57.704402+00:00,85,tts,ok,22.374,
2026-08-03T06:00:58.170133+00:00,95,stt,ok,8.471,
2026-08-03T06:00:58.406368+00:00,75,stt,rate_limited,4.234,[VERTEX] Rate limit / quota exceeded (code: 429 RESOURCE_EXHAUSTED): Resource exhausted. Please try again later. Please refer to https://cloud.google.com/vertex-ai/generative-ai/docs/error-code-429 for more details.. You have hit Vertex AI's per-minute or per-day quota for this model. Wait at least
2026-08-03T06:00:58.639652+00:00,52,stt,rate_limited,4.322,[VERTEX] Rate limit / quota exceeded (code: 429 RESOURCE_EXHAUSTED): Resource exhausted. Please try again later. Please refer to https://cloud.google.com/vertex-ai/generative-ai/docs/error-code-429 for more details.. You have hit Vertex AI's per-minute or per-day quota for this model. Wait at least
2026-08-03T06:00:58.926919+00:00,22,stt,rate_limited,5.307,[VERTEX] Rate limit / quota exceeded (code: 429 RESOURCE_EXHAUSTED): Resource exhausted. Please try again later. Please refer to https://cloud.google.com/vertex-ai/generative-ai/docs/error-code-429 for more details.. You have hit Vertex AI's per-minute or per-day quota for this model. Wait at least
2026-08-03T06:00:59.084076+00:00,120,stt,ok,7.457,
2026-08-03T06:00:59.214100+00:00,65,stt,ok,6.383,
2026-08-03T06:00:59.586333+00:00,24,tts,ok,27.505,
2026-08-03T06:00:59.895699+00:00,84,tts,ok,18.071,
2026-08-03T06:00:59.963597+00:00,31,tts,ok,46.199,
2026-08-03T06:01:00.038769+00:00,101,tts,ok,32.477,
2026-08-03T06:01:00.156703+00:00,8,tts,ok,46.282,
2026-08-03T06:01:00.296886+00:00,102,tts,ok,28.318,
2026-08-03T06:01:00.790327+00:00,59,stt,rate_limited,5.073,[VERTEX] Rate limit / quota exceeded (code: 429 RESOURCE_EXHAUSTED): Resource exhausted. Please try again later. Please refer to https://cloud.google.com/vertex-ai/generative-ai/docs/error-code-429 for more details.. You have hit Vertex AI's per-minute or per-day quota for this model. Wait at least
2026-08-03T06:01:00.949190+00:00,2,stt,rate_limited,5.41,[VERTEX] Rate limit / quota exceeded (code: 429 RESOURCE_EXHAUSTED): Resource exhausted. Please try again later. Please refer to https://cloud.google.com/vertex-ai/generative-ai/docs/error-code-429 for more details.. You have hit Vertex AI's per-minute or per-day quota for this model. Wait at least
2026-08-03T06:01:01.051803+00:00,72,stt,ok,8.315,
2026-08-03T06:01:01.115340+00:00,124,stt,rate_limited,6.673,[VERTEX] Rate limit / quota exceeded (code: 429 RESOURCE_EXHAUSTED): Resource exhausted. Please try again later. Please refer to https://cloud.google.com/vertex-ai/generative-ai/docs/error-code-429 for more details.. You have hit Vertex AI's per-minute or per-day quota for this model. Wait at least
2026-08-03T06:01:01.115719+00:00,87,stt,ok,6.416,
2026-08-03T06:01:01.563580+00:00,118,stt,ok,7.3,
2026-08-03T06:01:01.597021+00:00,105,tts,ok,23.533,
2026-08-03T06:01:01.854923+00:00,77,tts,ok,47.299,
2026-08-03T06:01:02.076033+00:00,29,tts,ok,16.813,
2026-08-03T06:01:02.163537+00:00,75,stt,rate_limited,3.757,[VERTEX] Rate limit / quota exceeded (code: 429 RESOURCE_EXHAUSTED): Resource exhausted. Please try again later. Please refer to https://cloud.google.com/vertex-ai/generative-ai/docs/error-code-429 for more details.. You have hit Vertex AI's per-minute or per-day quota for this model. Wait at least
2026-08-03T06:01:02.852156+00:00,6,stt,rate_limited,5.392,[VERTEX] Rate limit / quota exceeded (code: 429 RESOURCE_EXHAUSTED): Resource exhausted. Please try again later. Please refer to https://cloud.google.com/vertex-ai/generative-ai/docs/error-code-429 for more details.. You have hit Vertex AI's per-minute or per-day quota for this model. Wait at least
2026-08-03T06:01:02.958277+00:00,94,stt,rate_limited,6.505,[VERTEX] Rate limit / quota exceeded (code: 429 RESOURCE_EXHAUSTED): Resource exhausted. Please try again later. Please refer to https://cloud.google.com/vertex-ai/generative-ai/docs/error-code-429 for more details.. You have hit Vertex AI's per-minute or per-day quota for this model. Wait at least
2026-08-03T06:01:02.978642+00:00,53,stt,ok,8.436,
2026-08-03T06:01:03.056995+00:00,90,tts,ok,15.197,
2026-08-03T06:01:03.542159+00:00,120,stt,rate_limited,4.458,[VERTEX] Rate limit / quota exceeded (code: 429 RESOURCE_EXHAUSTED): Resource exhausted. Please try again later. Please refer to https://cloud.google.com/vertex-ai/generative-ai/docs/error-code-429 for more details.. You have hit Vertex AI's per-minute or per-day quota for this model. Wait at least
2026-08-03T06:01:03.997833+00:00,104,tts,ok,14.92,
2026-08-03T06:01:04.063813+00:00,52,stt,rate_limited,5.424,[VERTEX] Rate limit / quota exceeded (code: 429 RESOURCE_EXHAUSTED): Resource exhausted. Please try again later. Please refer to https://cloud.google.com/vertex-ai/generative-ai/docs/error-code-429 for more details.. You have hit Vertex AI's per-minute or per-day quota for this model. Wait at least
2026-08-03T06:01:04.115442+00:00,60,tts,ok,19.679,
2026-08-03T06:01:04.287769+00:00,117,tts,ok,14.716,
2026-08-03T06:01:04.358412+00:00,37,tts,ok,26.241,
2026-08-03T06:01:04.467437+00:00,72,stt,rate_limited,3.416,[VERTEX] Rate limit / quota exceeded (code: 429 RESOURCE_EXHAUSTED): Resource exhausted. Please try again later. Please refer to https://cloud.google.com/vertex-ai/generative-ai/docs/error-code-429 for more details.. You have hit Vertex AI's per-minute or per-day quota for this model. Wait at least
2026-08-03T06:01:04.643500+00:00,31,stt,rate_limited,4.68,[VERTEX] Rate limit / quota exceeded (code: 429 RESOURCE_EXHAUSTED): Resource exhausted. Please try again later. Please refer to https://cloud.google.com/vertex-ai/generative-ai/docs/error-code-429 for more details.. You have hit Vertex AI's per-minute or per-day quota for this model. Wait at least
2026-08-03T06:01:04.726873+00:00,108,stt,rate_limited,8.666,[VERTEX] Rate limit / quota exceeded (code: 429 RESOURCE_EXHAUSTED): Resource exhausted. Please try again later. Please refer to https://cloud.google.com/vertex-ai/generative-ai/docs/error-code-429 for more details.. You have hit Vertex AI's per-minute or per-day quota for this model. Wait at least
2026-08-03T06:01:04.925718+00:00,99,stt,rate_limited,7.671,[VERTEX] Rate limit / quota exceeded (code: 429 RESOURCE_EXHAUSTED): Resource exhausted. Please try again later. Please refer to https://cloud.google.com/vertex-ai/generative-ai/docs/error-code-429 for more details.. You have hit Vertex AI's per-minute or per-day quota for this model. Wait at least
2026-08-03T06:01:04.953689+00:00,67,tts,ok,57.762,
2026-08-03T06:01:05.110831+00:00,21,stt,rate_limited,8.064,[VERTEX] Rate limit / quota exceeded (code: 429 RESOURCE_EXHAUSTED): Resource exhausted. Please try again later. Please refer to https://cloud.google.com/vertex-ai/generative-ai/docs/error-code-429 for more details.. You have hit Vertex AI's per-minute or per-day quota for this model. Wait at least
2026-08-03T06:01:05.237502+00:00,59,stt,rate_limited,4.447,[VERTEX] Rate limit / quota exceeded (code: 429 RESOURCE_EXHAUSTED): Resource exhausted. Please try again later. Please refer to https://cloud.google.com/vertex-ai/generative-ai/docs/error-code-429 for more details.. You have hit Vertex AI's per-minute or per-day quota for this model. Wait at least
2026-08-03T06:01:05.291529+00:00,71,tts,ok,43.104,
2026-08-03T06:01:05.466167+00:00,84,stt,rate_limited,5.57,[VERTEX] Rate limit / quota exceeded (code: 429 RESOURCE_EXHAUSTED): Resource exhausted. Please try again later. Please refer to https://cloud.google.com/vertex-ai/generative-ai/docs/error-code-429 for more details.. You have hit Vertex AI's per-minute or per-day quota for this model. Wait at least
2026-08-03T06:01:05.648871+00:00,48,tts,ok,17.392,
2026-08-03T06:01:05.720517+00:00,9,tts,ok,14.47,
2026-08-03T06:01:05.752530+00:00,40,tts,ok,22.063,
2026-08-03T06:01:05.803502+00:00,22,stt,rate_limited,6.877,[VERTEX] Rate limit / quota exceeded (code: 429 RESOURCE_EXHAUSTED): Resource exhausted. Please try again later. Please refer to https://cloud.google.com/vertex-ai/generative-ai/docs/error-code-429 for more details.. You have hit Vertex AI's per-minute or per-day quota for this model. Wait at least
2026-08-03T06:01:06.062443+00:00,13,tts,ok,18.477,
2026-08-03T06:01:06.190188+00:00,95,stt,rate_limited,8.02,[VERTEX] Rate limit / quota exceeded (code: 429 RESOURCE_EXHAUSTED): Resource exhausted. Please try again later. Please refer to https://cloud.google.com/vertex-ai/generative-ai/docs/error-code-429 for more details.. You have hit Vertex AI's per-minute or per-day quota for this model. Wait at least
2026-08-03T06:01:06.310011+00:00,23,tts,ok,24.974,
2026-08-03T06:01:06.420636+00:00,42,tts,ok,45.494,
2026-08-03T06:01:06.486081+00:00,3,tts,ok,18.193,
2026-08-03T06:01:06.713423+00:00,6,stt,rate_limited,3.861,[VERTEX] Rate limit / quota exceeded (code: 429 RESOURCE_EXHAUSTED): Resource exhausted. Please try again later. Please refer to https://cloud.google.com/vertex-ai/generative-ai/docs/error-code-429 for more details.. You have hit Vertex AI's per-minute or per-day quota for this model. Wait at least
2026-08-03T06:01:07.017114+00:00,123,tts,ok,38.276,
2026-08-03T06:01:07.149738+00:00,76,tts,ok,27.531,
2026-08-03T06:01:07.193947+00:00,81,tts,ok,20.565,
2026-08-03T06:01:07.246182+00:00,104,stt,rate_limited,3.248,[VERTEX] Rate limit / quota exceeded (code: 429 RESOURCE_EXHAUSTED): Resource exhausted. Please try again later. Please refer to https://cloud.google.com/vertex-ai/generative-ai/docs/error-code-429 for more details.. You have hit Vertex AI's per-minute or per-day quota for this model. Wait at least
2026-08-03T06:01:07.293896+00:00,54,tts,ok,46.029,
2026-08-03T06:01:07.297736+00:00,120,stt,rate_limited,3.755,[VERTEX] Rate limit / quota exceeded (code: 429 RESOURCE_EXHAUSTED): Resource exhausted. Please try again later. Please refer to https://cloud.google.com/vertex-ai/generative-ai/docs/error-code-429 for more details.. You have hit Vertex AI's per-minute or per-day quota for this model. Wait at least
2026-08-03T06:01:07.350112+00:00,122,tts,ok,24.679,
2026-08-03T06:01:07.355589+00:00,32,tts,ok,40.227,
2026-08-03T06:01:07.435939+00:00,109,tts,ok,37.819,
2026-08-03T06:01:07.473735+00:00,121,tts,ok,23.586,
2026-08-03T06:01:07.490409+00:00,52,stt,rate_limited,3.427,[VERTEX] Rate limit / quota exceeded (code: 429 RESOURCE_EXHAUSTED): Resource exhausted. Please try again later. Please refer to https://cloud.google.com/vertex-ai/generative-ai/docs/error-code-429 for more details.. You have hit Vertex AI's per-minute or per-day quota for this model. Wait at least
2026-08-03T06:01:07.553089+00:00,74,tts,ok,37.961,
2026-08-03T06:01:07.599505+00:00,106,tts,ok,32.64,
2026-08-03T06:01:07.716798+00:00,39,stt,rate_limited,11.937,[VERTEX] Rate limit / quota exceeded (code: 429 RESOURCE_EXHAUSTED): Resource exhausted. Please try again later. Please refer to https://cloud.google.com/vertex-ai/generative-ai/docs/error-code-429 for more details.. You have hit Vertex AI's per-minute or per-day quota for this model. Wait at least
2026-08-03T06:01:07.758303+00:00,69,tts,ok,26.017,
2026-08-03T06:01:07.818380+00:00,60,stt,rate_limited,3.703,[VERTEX] Rate limit / quota exceeded (code: 429 RESOURCE_EXHAUSTED): Resource exhausted. Please try again later. Please refer to https://cloud.google.com/vertex-ai/generative-ai/docs/error-code-429 for more details.. You have hit Vertex AI's per-minute or per-day quota for this model. Wait at least
2026-08-03T06:01:07.823181+00:00,16,tts,ok,17.117,
2026-08-03T06:01:07.984756+00:00,75,stt,rate_limited,5.821,[VERTEX] Rate limit / quota exceeded (code: 429 RESOURCE_EXHAUSTED): Resource exhausted. Please try again later. Please refer to https://cloud.google.com/vertex-ai/generative-ai/docs/error-code-429 for more details.. You have hit Vertex AI's per-minute or per-day quota for this model. Wait at least
2026-08-03T06:01:08.206851+00:00,103,tts,ok,54.663,
2026-08-03T06:01:08.266933+00:00,110,tts,ok,32.486,
2026-08-03T06:01:08.374084+00:00,41,tts,ok,40.311,
2026-08-03T06:01:08.425861+00:00,101,stt,ok,8.387,
2026-08-03T06:01:08.475652+00:00,73,tts,ok,61.139,
2026-08-03T06:01:08.524199+00:00,126,tts,ok,26.16,
2026-08-03T06:01:08.531024+00:00,78,tts,ok,21.266,
2026-08-03T06:01:08.579967+00:00,117,stt,rate_limited,4.292,[VERTEX] Rate limit / quota exceeded (code: 429 RESOURCE_EXHAUSTED): Resource exhausted. Please try again later. Please refer to https://cloud.google.com/vertex-ai/generative-ai/docs/error-code-429 for more details.. You have hit Vertex AI's per-minute or per-day quota for this model. Wait at least
2026-08-03T06:01:08.627082+00:00,21,stt,rate_limited,3.516,[VERTEX] Rate limit / quota exceeded (code: 429 RESOURCE_EXHAUSTED): Resource exhausted. Please try again later. Please refer to https://cloud.google.com/vertex-ai/generative-ai/docs/error-code-429 for more details.. You have hit Vertex AI's per-minute or per-day quota for this model. Wait at least
2026-08-03T06:01:08.778616+00:00,56,tts,ok,24.898,
2026-08-03T06:01:08.868900+00:00,14,tts,ok,23.362,
2026-08-03T06:01:08.972490+00:00,64,tts,ok,31.61,
2026-08-03T06:01:09.034084+00:00,22,stt,rate_limited,3.231,[VERTEX] Rate limit / quota exceeded (code: 429 RESOURCE_EXHAUSTED): Resource exhausted. Please try again later. Please refer to https://cloud.google.com/vertex-ai/generative-ai/docs/error-code-429 for more details.. You have hit Vertex AI's per-minute or per-day quota for this model. Wait at least
2026-08-03T06:01:09.063524+00:00,33,tts,ok,26.731,
2026-08-03T06:01:09.139101+00:00,29,stt,rate_limited,7.063,[VERTEX] Rate limit / quota exceeded (code: 429 RESOURCE_EXHAUSTED): Resource exhausted. Please try again later. Please refer to https://cloud.google.com/vertex-ai/generative-ai/docs/error-code-429 for more details.. You have hit Vertex AI's per-minute or per-day quota for this model. Wait at least
2026-08-03T06:01:09.289277+00:00,107,tts,ok,32.424,
2026-08-03T06:01:09.414713+00:00,127,tts,ok,32.081,
2026-08-03T06:01:09.476092+00:00,67,stt,rate_limited,4.522,[VERTEX] Rate limit / quota exceeded (code: 429 RESOURCE_EXHAUSTED): Resource exhausted. Please try again later. Please refer to https://cloud.google.com/vertex-ai/generative-ai/docs/error-code-429 for more details.. You have hit Vertex AI's per-minute or per-day quota for this model. Wait at least
2026-08-03T06:01:09.526969+00:00,57,tts,ok,21.943,
2026-08-03T06:01:09.528950+00:00,53,stt,rate_limited,6.55,[VERTEX] Rate limit / quota exceeded (code: 429 RESOURCE_EXHAUSTED): Resource exhausted. Please try again later. Please refer to https://cloud.google.com/vertex-ai/generative-ai/docs/error-code-429 for more details.. You have hit Vertex AI's per-minute or per-day quota for this model. Wait at least
2026-08-03T06:01:09.537210+00:00,58,tts,ok,17.989,
2026-08-03T06:01:09.587107+00:00,18,tts,ok,49.821,
2026-08-03T06:01:09.591953+00:00,36,tts,ok,16.496,
2026-08-03T06:01:09.592834+00:00,48,stt,rate_limited,3.944,[VERTEX] Rate limit / quota exceeded (code: 429 RESOURCE_EXHAUSTED): Resource exhausted. Please try again later. Please refer to https://cloud.google.com/vertex-ai/generative-ai/docs/error-code-429 for more details.. You have hit Vertex AI's per-minute or per-day quota for this model. Wait at least
2026-08-03T06:01:09.636366+00:00,37,stt,rate_limited,5.278,[VERTEX] Rate limit / quota exceeded (code: 429 RESOURCE_EXHAUSTED): Resource exhausted. Please try again later. Please refer to https://cloud.google.com/vertex-ai/generative-ai/docs/error-code-429 for more details.. You have hit Vertex AI's per-minute or per-day quota for this model. Wait at least
2026-08-03T06:01:09.684978+00:00,23,stt,rate_limited,3.375,[VERTEX] Rate limit / quota exceeded (code: 429 RESOURCE_EXHAUSTED): Resource exhausted. Please try again later. Please refer to https://cloud.google.com/vertex-ai/generative-ai/docs/error-code-429 for more details.. You have hit Vertex AI's per-minute or per-day quota for this model. Wait at least
2026-08-03T06:01:09.691485+00:00,79,tts,ok,15.316,
2026-08-03T06:01:09.727228+00:00,11,tts,ok,17.294,
2026-08-03T06:01:09.781082+00:00,116,tts,ok,28.862,
2026-08-03T06:01:09.915132+00:00,70,tts,ok,53.873,
2026-08-03T06:01:09.927962+00:00,35,tts,ok,29.325,
2026-08-03T06:01:10.129434+00:00,26,tts,ok,34.656,
2026-08-03T06:01:10.155484+00:00,31,stt,rate_limited,5.512,[VERTEX] Rate limit / quota exceeded (code: 429 RESOURCE_EXHAUSTED): Resource exhausted. Please try again later. Please refer to https://cloud.google.com/vertex-ai/generative-ai/docs/error-code-429 for more details.. You have hit Vertex AI's per-minute or per-day quota for this model. Wait at least
2026-08-03T06:01:10.197337+00:00,0,tts,ok,48.242,
2026-08-03T06:01:10.411883+00:00,38,tts,ok,30.808,
2026-08-03T06:01:10.477298+00:00,40,stt,rate_limited,4.725,[VERTEX] Rate limit / quota exceeded (code: 429 RESOURCE_EXHAUSTED): Resource exhausted. Please try again later. Please refer to https://cloud.google.com/vertex-ai/generative-ai/docs/error-code-429 for more details.. You have hit Vertex AI's per-minute or per-day quota for this model. Wait at least
2026-08-03T06:01:10.546460+00:00,123,stt,rate_limited,3.529,[VERTEX] Rate limit / quota exceeded (code: 429 RESOURCE_EXHAUSTED): Resource exhausted. Please try again later. Please refer to https://cloud.google.com/vertex-ai/generative-ai/docs/error-code-429 for more details.. You have hit Vertex AI's per-minute or per-day quota for this model. Wait at least
2026-08-03T06:01:11.030432+00:00,120,stt,rate_limited,3.733,[VERTEX] Rate limit / quota exceeded (code: 429 RESOURCE_EXHAUSTED): Resource exhausted. Please try again later. Please refer to https://cloud.google.com/vertex-ai/generative-ai/docs/error-code-429 for more details.. You have hit Vertex AI's per-minute or per-day quota for this model. Wait at least
2026-08-03T06:01:11.093928+00:00,105,stt,ok,9.497,
2026-08-03T06:01:11.147138+00:00,49,tts,ok,22.705,
2026-08-03T06:01:11.206768+00:00,19,tts,ok,18.31,
2026-08-03T06:01:11.219874+00:00,52,stt,rate_limited,3.729,[VERTEX] Rate limit / quota exceeded (code: 429 RESOURCE_EXHAUSTED): Resource exhausted. Please try again later. Please refer to https://cloud.google.com/vertex-ai/generative-ai/docs/error-code-429 for more details.. You have hit Vertex AI's per-minute or per-day quota for this model. Wait at least
2026-08-03T06:01:11.265480+00:00,81,stt,rate_limited,4.071,[VERTEX] Rate limit / quota exceeded (code: 429 RESOURCE_EXHAUSTED): Resource exhausted. Please try again later. Please refer to https://cloud.google.com/vertex-ai/generative-ai/docs/error-code-429 for more details.. You have hit Vertex AI's per-minute or per-day quota for this model. Wait at least
2026-08-03T06:01:11.285825+00:00,15,tts,ok,65.3,
2026-08-03T06:01:11.874240+00:00,32,stt,rate_limited,4.519,[VERTEX] Rate limit / quota exceeded (code: 429 RESOURCE_EXHAUSTED): Resource exhausted. Please try again later. Please refer to https://cloud.google.com/vertex-ai/generative-ai/docs/error-code-429 for more details.. You have hit Vertex AI's per-minute or per-day quota for this model. Wait at least
2026-08-03T06:01:11.966089+00:00,74,stt,rate_limited,4.413,[VERTEX] Rate limit / quota exceeded (code: 429 RESOURCE_EXHAUSTED): Resource exhausted. Please try again later. Please refer to https://cloud.google.com/vertex-ai/generative-ai/docs/error-code-429 for more details.. You have hit Vertex AI's per-minute or per-day quota for this model. Wait at least
2026-08-03T06:01:12.035585+00:00,117,stt,rate_limited,3.456,[VERTEX] Rate limit / quota exceeded (code: 429 RESOURCE_EXHAUSTED): Resource exhausted. Please try again later. Please refer to https://cloud.google.com/vertex-ai/generative-ai/docs/error-code-429 for more details.. You have hit Vertex AI's per-minute or per-day quota for this model. Wait at least
2026-08-03T06:01:12.150360+00:00,101,stt,rate_limited,3.724,[VERTEX] Rate limit / quota exceeded (code: 429 RESOURCE_EXHAUSTED): Resource exhausted. Please try again later. Please refer to https://cloud.google.com/vertex-ai/generative-ai/docs/error-code-429 for more details.. You have hit Vertex AI's per-minute or per-day quota for this model. Wait at least
2026-08-03T06:01:12.295847+00:00,113,tts,ok,38.6,
2026-08-03T06:01:12.306585+00:00,73,stt,rate_limited,3.831,[VERTEX] Rate limit / quota exceeded (code: 429 RESOURCE_EXHAUSTED): Resource exhausted. Please try again later. Please refer to https://cloud.google.com/vertex-ai/generative-ai/docs/error-code-429 for more details.. You have hit Vertex AI's per-minute or per-day quota for this model. Wait at least
2026-08-03T06:01:12.357203+00:00,127,stt,rate_limited,2.942,[VERTEX] Rate limit / quota exceeded (code: 429 RESOURCE_EXHAUSTED): Resource exhausted. Please try again later. Please refer to https://cloud.google.com/vertex-ai/generative-ai/docs/error-code-429 for more details.. You have hit Vertex AI's per-minute or per-day quota for this model. Wait at least
2026-08-03T06:01:12.373238+00:00,69,stt,rate_limited,4.615,[VERTEX] Rate limit / quota exceeded (code: 429 RESOURCE_EXHAUSTED): Resource exhausted. Please try again later. Please refer to https://cloud.google.com/vertex-ai/generative-ai/docs/error-code-429 for more details.. You have hit Vertex AI's per-minute or per-day quota for this model. Wait at least
2026-08-03T06:01:12.424041+00:00,104,stt,rate_limited,5.178,[VERTEX] Rate limit / quota exceeded (code: 429 RESOURCE_EXHAUSTED): Resource exhausted. Please try again later. Please refer to https://cloud.google.com/vertex-ai/generative-ai/docs/error-code-429 for more details.. You have hit Vertex AI's per-minute or per-day quota for this model. Wait at least
2026-08-03T06:01:12.455006+00:00,80,tts,ok,19.269,
2026-08-03T06:01:12.459485+00:00,61,tts,ok,29.637,
2026-08-03T06:01:12.620439+00:00,41,stt,rate_limited,4.246,[VERTEX] Rate limit / quota exceeded (code: 429 RESOURCE_EXHAUSTED): Resource exhausted. Please try again later. Please refer to https://cloud.google.com/vertex-ai/generative-ai/docs/error-code-429 for more details.. You have hit Vertex AI's per-minute or per-day quota for this model. Wait at least
2026-08-03T06:01:12.729950+00:00,75,stt,rate_limited,4.745,[VERTEX] Rate limit / quota exceeded (code: 429 RESOURCE_EXHAUSTED): Resource exhausted. Please try again later. Please refer to https://cloud.google.com/vertex-ai/generative-ai/docs/error-code-429 for more details.. You have hit Vertex AI's per-minute or per-day quota for this model. Wait at least
2026-08-03T06:01:12.820047+00:00,44,tts,ok,18.886,
2026-08-03T06:01:12.908792+00:00,46,tts,ok,22.787,
2026-08-03T06:01:12.932354+00:00,62,tts,ok,20.597,
2026-08-03T06:01:12.980632+00:00,37,stt,rate_limited,3.344,[VERTEX] Rate limit / quota exceeded (code: 429 RESOURCE_EXHAUSTED): Resource exhausted. Please try again later. Please refer to https://cloud.google.com/vertex-ai/generative-ai/docs/error-code-429 for more details.. You have hit Vertex AI's per-minute or per-day quota for this model. Wait at least
2026-08-03T06:01:12.985630+00:00,85,tts,ok,15.281,
2026-08-03T06:01:12.994446+00:00,100,tts,ok,18.682,
2026-08-03T06:01:13.001047+00:00,83,tts,ok,16.848,
2026-08-03T06:01:13.052320+00:00,5,tts,ok,15.857,
2026-08-03T06:01:13.183940+00:00,4,tts,ok,19.324,
2026-08-03T06:01:13.269157+00:00,58,stt,rate_limited,3.732,[VERTEX] Rate limit / quota exceeded (code: 429 RESOURCE_EXHAUSTED): Resource exhausted. Please try again later. Please refer to https://cloud.google.com/vertex-ai/generative-ai/docs/error-code-429 for more details.. You have hit Vertex AI's per-minute or per-day quota for this model. Wait at least
2026-08-03T06:01:13.339650+00:00,10,tts,ok,34.873,
2026-08-03T06:01:13.550989+00:00,65,tts,ok,14.337,
2026-08-03T06:01:13.554572+00:00,11,stt,rate_limited,3.827,[VERTEX] Rate limit / quota exceeded (code: 429 RESOURCE_EXHAUSTED): Resource exhausted. Please try again later. Please refer to https://cloud.google.com/vertex-ai/generative-ai/docs/error-code-429 for more details.. You have hit Vertex AI's per-minute or per-day quota for this model. Wait at least
2026-08-03T06:01:13.638854+00:00,64,stt,rate_limited,4.666,[VERTEX] Rate limit / quota exceeded (code: 429 RESOURCE_EXHAUSTED): Resource exhausted. Please try again later. Please refer to https://cloud.google.com/vertex-ai/generative-ai/docs/error-code-429 for more details.. You have hit Vertex AI's per-minute or per-day quota for this model. Wait at least
2026-08-03T06:01:13.690606+00:00,89,tts,ok,35.103,
2026-08-03T06:01:13.693868+00:00,28,tts,ok,34.301,
2026-08-03T06:01:13.802036+00:00,43,tts,ok,25.94,
2026-08-03T06:01:13.927527+00:00,97,tts,ok,42.507,
2026-08-03T06:01:14.236212+00:00,102,tts,ok,13.939,
2026-08-03T06:01:14.616824+00:00,7,tts,ok,30.896,
2026-08-03T06:01:14.678503+00:00,27,tts,ok,35.954,
2026-08-03T06:01:14.688180+00:00,78,stt,ok,6.157,
2026-08-03T06:01:14.770763+00:00,88,tts,ok,21.647,
2026-08-03T06:01:14.833291+00:00,120,stt,rate_limited,3.802,[VERTEX] Rate limit / quota exceeded (code: 429 RESOURCE_EXHAUSTED): Resource exhausted. Please try again later. Please refer to https://cloud.google.com/vertex-ai/generative-ai/docs/error-code-429 for more details.. You have hit Vertex AI's per-minute or per-day quota for this model. Wait at least
2026-08-03T06:01:15.012567+00:00,45,tts,ok,53.743,
2026-08-03T06:01:15.023512+00:00,20,tts,ok,32.772,
2026-08-03T06:01:15.291572+00:00,32,stt,rate_limited,3.417,[VERTEX] Rate limit / quota exceeded (code: 429 RESOURCE_EXHAUSTED): Resource exhausted. Please try again later. Please refer to https://cloud.google.com/vertex-ai/generative-ai/docs/error-code-429 for more details.. You have hit Vertex AI's per-minute or per-day quota for this model. Wait at least
2026-08-03T06:01:15.528605+00:00,30,tts,ok,20.236,
2026-08-03T06:01:15.543154+00:00,73,stt,rate_limited,3.237,[VERTEX] Rate limit / quota exceeded (code: 429 RESOURCE_EXHAUSTED): Resource exhausted. Please try again later. Please refer to https://cloud.google.com/vertex-ai/generative-ai/docs/error-code-429 for more details.. You have hit Vertex AI's per-minute or per-day quota for this model. Wait at least
2026-08-03T06:01:15.592675+00:00,17,tts,ok,36.25,
2026-08-03T06:01:15.684518+00:00,125,tts,ok,36.843,
2026-08-03T06:01:15.743792+00:00,52,stt,rate_limited,4.524,[VERTEX] Rate limit / quota exceeded (code: 429 RESOURCE_EXHAUSTED): Resource exhausted. Please try again later. Please refer to https://cloud.google.com/vertex-ai/generative-ai/docs/error-code-429 for more details.. You have hit Vertex AI's per-minute or per-day quota for this model. Wait at least
2026-08-03T06:01:15.791177+00:00,67,stt,rate_limited,6.315,[VERTEX] Rate limit / quota exceeded (code: 429 RESOURCE_EXHAUSTED): Resource exhausted. Please try again later. Please refer to https://cloud.google.com/vertex-ai/generative-ai/docs/error-code-429 for more details.. You have hit Vertex AI's per-minute or per-day quota for this model. Wait at least
2026-08-03T06:01:15.836533+00:00,105,stt,rate_limited,4.743,[VERTEX] Rate limit / quota exceeded (code: 429 RESOURCE_EXHAUSTED): Resource exhausted. Please try again later. Please refer to https://cloud.google.com/vertex-ai/generative-ai/docs/error-code-429 for more details.. You have hit Vertex AI's per-minute or per-day quota for this model. Wait at least
2026-08-03T06:01:15.837474+00:00,49,stt,rate_limited,4.69,[VERTEX] Rate limit / quota exceeded (code: 429 RESOURCE_EXHAUSTED): Resource exhausted. Please try again later. Please refer to https://cloud.google.com/vertex-ai/generative-ai/docs/error-code-429 for more details.. You have hit Vertex AI's per-minute or per-day quota for this model. Wait at least
2026-08-03T06:01:15.850111+00:00,124,tts,ok,14.735,
2026-08-03T06:01:16.138310+00:00,119,tts,ok,19.475,
2026-08-03T06:01:16.339825+00:00,111,tts,ok,35.045,
2026-08-03T06:01:16.490883+00:00,118,tts,ok,14.927,
2026-08-03T06:01:16.622149+00:00,74,stt,rate_limited,4.656,[VERTEX] Rate limit / quota exceeded (code: 429 RESOURCE_EXHAUSTED): Resource exhausted. Please try again later. Please refer to https://cloud.google.com/vertex-ai/generative-ai/docs/error-code-429 for more details.. You have hit Vertex AI's per-minute or per-day quota for this model. Wait at least
2026-08-03T06:01:16.659481+00:00,82,tts,ok,30.165,
2026-08-03T06:01:16.692396+00:00,115,tts,ok,25.393,
2026-08-03T06:01:16.800646+00:00,11,stt,rate_limited,3.246,[VERTEX] Rate limit / quota exceeded (code: 429 RESOURCE_EXHAUSTED): Resource exhausted. Please try again later. Please refer to https://cloud.google.com/vertex-ai/generative-ai/docs/error-code-429 for more details.. You have hit Vertex AI's per-minute or per-day quota for this model. Wait at least
2026-08-03T06:01:16.839130+00:00,103,stt,ok,8.632,
2026-08-03T06:01:17.169584+00:00,90,tts,ok,14.113,
2026-08-03T06:01:17.258080+00:00,64,stt,rate_limited,3.619,[VERTEX] Rate limit / quota exceeded (code: 429 RESOURCE_EXHAUSTED): Resource exhausted. Please try again later. Please refer to https://cloud.google.com/vertex-ai/generative-ai/docs/error-code-429 for more details.. You have hit Vertex AI's per-minute or per-day quota for this model. Wait at least
2026-08-03T06:01:17.323446+00:00,0,stt,ok,7.126,
2026-08-03T06:01:17.460540+00:00,28,stt,rate_limited,3.767,[VERTEX] Rate limit / quota exceeded (code: 429 RESOURCE_EXHAUSTED): Resource exhausted. Please try again later. Please refer to https://cloud.google.com/vertex-ai/generative-ai/docs/error-code-429 for more details.. You have hit Vertex AI's per-minute or per-day quota for this model. Wait at least
2026-08-03T06:01:17.874582+00:00,43,stt,rate_limited,4.073,[VERTEX] Rate limit / quota exceeded (code: 429 RESOURCE_EXHAUSTED): Resource exhausted. Please try again later. Please refer to https://cloud.google.com/vertex-ai/generative-ai/docs/error-code-429 for more details.. You have hit Vertex AI's per-minute or per-day quota for this model. Wait at least
2026-08-03T06:01:18.276936+00:00,62,stt,rate_limited,5.345,[VERTEX] Rate limit / quota exceeded (code: 429 RESOURCE_EXHAUSTED): Resource exhausted. Please try again later. Please refer to https://cloud.google.com/vertex-ai/generative-ai/docs/error-code-429 for more details.. You have hit Vertex AI's per-minute or per-day quota for this model. Wait at least
2026-08-03T06:01:18.351916+00:00,34,tts,ok,40.096,
2026-08-03T06:01:18.784255+00:00,25,tts,ok,32.147,
2026-08-03T06:01:18.852714+00:00,93,tts,ok,35.404,
2026-08-03T06:01:18.924322+00:00,101,stt,ok,6.774,
2026-08-03T06:01:19.255383+00:00,96,tts,ok,29.491,
2026-08-03T06:01:19.409734+00:00,87,tts,ok,18.294,
2026-08-03T06:01:19.464155+00:00,83,stt,ok,6.463,
2026-08-03T06:01:19.516125+00:00,24,tts,ok,19.93,
2026-08-03T06:01:19.563277+00:00,67,stt,rate_limited,3.772,[VERTEX] Rate limit / quota exceeded (code: 429 RESOURCE_EXHAUSTED): Resource exhausted. Please try again later. Please refer to https://cloud.google.com/vertex-ai/generative-ai/docs/error-code-429 for more details.. You have hit Vertex AI's per-minute or per-day quota for this model. Wait at least
2026-08-03T06:01:19.611550+00:00,69,stt,ok,7.238,
2026-08-03T06:01:19.643961+00:00,10,stt,ok,6.304,
2026-08-03T06:01:19.695834+00:00,117,stt,ok,7.66,
2026-08-03T06:01:19.747461+00:00,94,tts,ok,16.789,
2026-08-03T06:01:19.889828+00:00,20,stt,rate_limited,4.866,[VERTEX] Rate limit / quota exceeded (code: 429 RESOURCE_EXHAUSTED): Resource exhausted. Please try again later. Please refer to https://cloud.google.com/vertex-ai/generative-ai/docs/error-code-429 for more details.. You have hit Vertex AI's per-minute or per-day quota for this model. Wait at least
2026-08-03T06:01:19.956135+00:00,111,stt,rate_limited,3.616,[VERTEX] Rate limit / quota exceeded (code: 429 RESOURCE_EXHAUSTED): Resource exhausted. Please try again later. Please refer to https://cloud.google.com/vertex-ai/generative-ai/docs/error-code-429 for more details.. You have hit Vertex AI's per-minute or per-day quota for this model. Wait at least
2026-08-03T06:01:20.430977+00:00,44,stt,ok,7.611,
2026-08-03T06:01:20.432134+00:00,48,stt,ok,10.839,
2026-08-03T06:01:20.598753+00:00,77,tts,ok,18.744,
2026-08-03T06:01:20.679874+00:00,47,tts,ok,53.499,
2026-08-03T06:01:20.731380+00:00,68,tts,ok,25.821,
2026-08-03T06:01:20.792082+00:00,92,tts,ok,31.569,
2026-08-03T06:01:20.967641+00:00,75,stt,ok,8.238,
2026-08-03T06:01:21.282133+00:00,102,stt,ok,7.046,
2026-08-03T06:01:21.467066+00:00,55,tts,ok,27.326,
2026-08-03T06:01:21.485278+00:00,51,tts,ok,33.898,
2026-08-03T06:01:21.535091+00:00,78,stt,ok,6.847,
2026-08-03T06:01:21.555951+00:00,62,stt,rate_limited,3.279,[VERTEX] Rate limit / quota exceeded (code: 429 RESOURCE_EXHAUSTED): Resource exhausted. Please try again later. Please refer to https://cloud.google.com/vertex-ai/generative-ai/docs/error-code-429 for more details.. You have hit Vertex AI's per-minute or per-day quota for this model. Wait at least
2026-08-03T06:01:21.611224+00:00,122,tts,ok,14.261,
2026-08-03T06:01:22.173631+00:00,25,stt,rate_limited,3.389,[VERTEX] Rate limit / quota exceeded (code: 429 RESOURCE_EXHAUSTED): Resource exhausted. Please try again later. Please refer to https://cloud.google.com/vertex-ai/generative-ai/docs/error-code-429 for more details.. You have hit Vertex AI's per-minute or per-day quota for this model. Wait at least
2026-08-03T06:01:22.250664+00:00,63,tts,ok,29.303,
2026-08-03T06:01:22.354766+00:00,52,stt,ok,6.611,
2026-08-03T06:01:22.484419+00:00,2,tts,ok,21.535,
2026-08-03T06:01:22.545116+00:00,66,tts,ok,30.54,
2026-08-03T06:01:22.591913+00:00,124,stt,ok,6.742,
2026-08-03T06:01:22.639777+00:00,96,stt,rate_limited,3.384,[VERTEX] Rate limit / quota exceeded (code: 429 RESOURCE_EXHAUSTED): Resource exhausted. Please try again later. Please refer to https://cloud.google.com/vertex-ai/generative-ai/docs/error-code-429 for more details.. You have hit Vertex AI's per-minute or per-day quota for this model. Wait at least
2026-08-03T06:01:22.688032+00:00,119,stt,ok,6.55,
2026-08-03T06:01:22.692127+00:00,54,tts,ok,15.398,
2026-08-03T06:01:22.699993+00:00,114,tts,ok,30.09,
2026-08-03T06:01:22.786169+00:00,120,stt,ok,7.953,
2026-08-03T06:01:22.878707+00:00,118,stt,ok,6.388,
2026-08-03T06:01:23.685192+00:00,33,tts,ok,14.621,
2026-08-03T06:01:24.220589+00:00,47,stt,rate_limited,3.541,[VERTEX] Rate limit / quota exceeded (code: 429 RESOURCE_EXHAUSTED): Resource exhausted. Please try again later. Please refer to https://cloud.google.com/vertex-ai/generative-ai/docs/error-code-429 for more details.. You have hit Vertex AI's per-minute or per-day quota for this model. Wait at least
2026-08-03T06:01:24.369587+00:00,76,tts,ok,17.22,
2026-08-03T06:01:24.765047+00:00,67,stt,rate_limited,5.202,[VERTEX] Rate limit / quota exceeded (code: 429 RESOURCE_EXHAUSTED): Resource exhausted. Please try again later. Please refer to https://cloud.google.com/vertex-ai/generative-ai/docs/error-code-429 for more details.. You have hit Vertex AI's per-minute or per-day quota for this model. Wait at least
2026-08-03T06:01:24.815906+00:00,0,stt,ok,7.492,
2026-08-03T06:01:24.966102+00:00,125,stt,ok,9.282,
2026-08-03T06:01:24.981338+00:00,90,stt,ok,7.812,
2026-08-03T06:01:25.137166+00:00,14,tts,ok,16.268,
2026-08-03T06:01:25.285283+00:00,24,stt,ok,5.769,
2026-08-03T06:01:25.457655+00:00,61,tts,ok,12.998,
2026-08-03T06:01:25.513342+00:00,117,stt,ok,5.817,
2026-08-03T06:01:25.519116+00:00,126,tts,ok,16.995,
2026-08-03T06:01:25.566567+00:00,83,stt,ok,6.102,
2026-08-03T06:01:25.676345+00:00,56,tts,ok,16.898,
2026-08-03T06:01:25.739161+00:00,121,tts,ok,18.265,
2026-08-03T06:01:25.961570+00:00,93,stt,ok,7.109,
2026-08-03T06:01:26.027561+00:00,98,tts,ok,29.291,
2026-08-03T06:01:26.081308+00:00,8,tts,ok,25.925,
2026-08-03T06:01:26.088804+00:00,87,stt,ok,6.679,
2026-08-03T06:01:26.742136+00:00,124,stt,rate_limited,4.15,[VERTEX] Rate limit / quota exceeded (code: 429 RESOURCE_EXHAUSTED): Resource exhausted. Please try again later. Please refer to https://cloud.google.com/vertex-ai/generative-ai/docs/error-code-429 for more details.. You have hit Vertex AI's per-minute or per-day quota for this model. Wait at least
2026-08-03T06:01:26.882856+00:00,94,stt,ok,7.135,
2026-08-03T06:01:26.947134+00:00,118,stt,rate_limited,4.068,[VERTEX] Rate limit / quota exceeded (code: 429 RESOURCE_EXHAUSTED): Resource exhausted. Please try again later. Please refer to https://cloud.google.com/vertex-ai/generative-ai/docs/error-code-429 for more details.. You have hit Vertex AI's per-minute or per-day quota for this model. Wait at least
2026-08-03T06:01:27.203112+00:00,48,stt,ok,6.771,
2026-08-03T06:01:27.310449+00:00,116,tts,ok,17.529,
2026-08-03T06:01:28.024061+00:00,68,stt,ok,7.293,
2026-08-03T06:01:28.483937+00:00,23,tts,ok,18.799,
2026-08-03T06:01:28.562006+00:00,111,stt,ok,8.606,
2026-08-03T06:01:28.629652+00:00,58,tts,ok,15.36,
2026-08-03T06:01:28.741283+00:00,80,tts,ok,16.286,
2026-08-03T06:01:28.789658+00:00,1,tts,ok,42.632,
2026-08-03T06:01:29.362134+00:00,95,tts,ok,23.172,
2026-08-03T06:01:29.437390+00:00,85,tts,ok,16.452,
2026-08-03T06:01:29.559655+00:00,123,tts,ok,19.013,
2026-08-03T06:01:29.624783+00:00,77,stt,ok,9.026,
2026-08-03T06:01:30.245299+00:00,63,stt,ok,7.995,
2026-08-03T06:01:30.496627+00:00,114,stt,ok,7.797,
2026-08-03T06:01:30.763262+00:00,62,stt,ok,9.207,
2026-08-03T06:01:30.829869+00:00,47,stt,ok,6.609,
2026-08-03T06:01:30.837985+00:00,107,tts,ok,21.549,
2026-08-03T06:01:30.929068+00:00,96,stt,ok,8.289,
2026-08-03T06:01:31.448965+00:00,99,tts,ok,26.523,
2026-08-03T06:01:31.513567+00:00,83,stt,rate_limited,5.947,[VERTEX] Rate limit / quota exceeded (code: 429 RESOURCE_EXHAUSTED): Resource exhausted. Please try again later. Please refer to https://cloud.google.com/vertex-ai/generative-ai/docs/error-code-429 for more details.. You have hit Vertex AI's per-minute or per-day quota for this model. Wait at least
2026-08-03T06:01:31.597607+00:00,79,tts,ok,21.906,
2026-08-03T06:01:31.652551+00:00,81,tts,ok,20.387,
2026-08-03T06:01:31.824919+00:00,13,tts,ok,25.762,
2026-08-03T06:01:31.887190+00:00,6,tts,ok,25.174,
2026-08-03T06:01:32.198952+00:00,111,stt,rate_limited,3.637,[VERTEX] Rate limit / quota exceeded (code: 429 RESOURCE_EXHAUSTED): Resource exhausted. Please try again later. Please refer to https://cloud.google.com/vertex-ai/generative-ai/docs/error-code-429 for more details.. You have hit Vertex AI's per-minute or per-day quota for this model. Wait at least
2026-08-03T06:01:32.245869+00:00,11,tts,ok,15.445,
2026-08-03T06:01:32.417152+00:00,106,tts,ok,24.818,
2026-08-03T06:01:32.561455+00:00,82,tts,ok,15.902,
2026-08-03T06:01:32.616611+00:00,61,stt,ok,7.159,
2026-08-03T06:01:32.617090+00:00,67,stt,ok,7.852,
2026-08-03T06:01:33.049679+00:00,66,stt,ok,10.505,
2026-08-03T06:01:33.212383+00:00,56,stt,ok,7.536,
2026-08-03T06:01:33.275701+00:00,28,tts,ok,15.815,
2026-08-03T06:01:33.516651+00:00,116,stt,ok,6.206,
2026-08-03T06:01:33.601874+00:00,121,stt,ok,7.863,
2026-08-03T06:01:33.806067+00:00,93,stt,ok,7.844,
2026-08-03T06:01:33.881041+00:00,9,tts,ok,28.161,
2026-08-03T06:01:34.315217+00:00,127,tts,ok,21.958,
2026-08-03T06:01:34.421285+00:00,2,stt,ok,11.937,
2026-08-03T06:01:34.563710+00:00,118,stt,ok,7.617,
2026-08-03T06:01:34.626597+00:00,25,stt,ok,12.453,
2026-08-03T06:01:34.705285+00:00,48,stt,ok,7.502,
2026-08-03T06:01:34.817221+00:00,58,stt,ok,6.188,
2026-08-03T06:01:34.901290+00:00,65,tts,ok,21.35,
2026-08-03T06:01:35.058560+00:00,115,tts,ok,18.366,
2026-08-03T06:01:35.158221+00:00,92,tts,ok,14.366,
2026-08-03T06:01:35.500801+00:00,50,tts,ok,37.87,
2026-08-03T06:01:35.574164+00:00,80,stt,ok,6.833,
2026-08-03T06:01:35.825520+00:00,12,tts,ok,42.86,
2026-08-03T06:01:35.877530+00:00,17,tts,ok,20.285,
2026-08-03T06:01:36.219901+00:00,63,stt,ok,5.974,
2026-08-03T06:01:36.293910+00:00,83,stt,rate_limited,4.78,[VERTEX] Rate limit / quota exceeded (code: 429 RESOURCE_EXHAUSTED): Resource exhausted. Please try again later. Please refer to https://cloud.google.com/vertex-ai/generative-ai/docs/error-code-429 for more details.. You have hit Vertex AI's per-minute or per-day quota for this model. Wait at least
2026-08-03T06:01:36.359384+00:00,24,stt,ok,11.074,
2026-08-03T06:01:36.984882+00:00,88,tts,ok,22.214,
2026-08-03T06:01:37.045486+00:00,1,stt,ok,8.256,
2026-08-03T06:01:37.052426+00:00,66,stt,rate_limited,4.003,[VERTEX] Rate limit / quota exceeded (code: 429 RESOURCE_EXHAUSTED): Resource exhausted. Please try again later. Please refer to https://cloud.google.com/vertex-ai/generative-ai/docs/error-code-429 for more details.. You have hit Vertex AI's per-minute or per-day quota for this model. Wait at least
2026-08-03T06:01:37.090654+00:00,23,stt,ok,8.607,
2026-08-03T06:01:37.399802+00:00,72,tts,ok,32.932,
2026-08-03T06:01:37.459851+00:00,39,tts,ok,29.743,
2026-08-03T06:01:37.517959+00:00,108,tts,ok,32.791,
2026-08-03T06:01:37.523938+00:00,97,tts,ok,23.596,
2026-08-03T06:01:37.575220+00:00,32,tts,ok,22.284,
2026-08-03T06:01:37.609956+00:00,69,tts,ok,17.998,
2026-08-03T06:01:37.622230+00:00,78,tts,ok,16.087,
2026-08-03T06:01:37.789101+00:00,52,tts,ok,15.434,
2026-08-03T06:01:37.855465+00:00,104,tts,ok,25.431,
2026-08-03T06:01:37.903292+00:00,14,stt,ok,12.766,
2026-08-03T06:01:37.954410+00:00,16,tts,ok,30.131,
2026-08-03T06:01:37.956907+00:00,96,stt,ok,7.028,
2026-08-03T06:01:37.961250+00:00,40,tts,ok,27.484,
2026-08-03T06:01:38.013302+00:00,36,tts,ok,28.421,
2026-08-03T06:01:38.020310+00:00,74,tts,ok,21.398,
2026-08-03T06:01:38.070584+00:00,109,tts,ok,30.635,
2026-08-03T06:01:38.101716+00:00,45,tts,ok,23.089,
2026-08-03T06:01:38.105481+00:00,42,tts,ok,31.685,
2026-08-03T06:01:38.130389+00:00,59,tts,ok,32.893,
2026-08-03T06:01:38.155431+00:00,62,stt,ok,7.392,
2026-08-03T06:01:38.350959+00:00,35,tts,ok,28.423,
2026-08-03T06:01:38.402175+00:00,105,tts,ok,22.566,
2026-08-03T06:01:38.418103+00:00,95,stt,ok,9.056,
2026-08-03T06:01:38.466516+00:00,46,tts,ok,25.558,
2026-08-03T06:01:38.555770+00:00,26,tts,ok,28.426,
2026-08-03T06:01:38.952809+00:00,73,tts,ok,23.41,
2026-08-03T06:01:38.956860+00:00,57,tts,ok,29.43,
2026-08-03T06:01:39.300095+00:00,79,stt,ok,7.702,
2026-08-03T06:01:39.366734+00:00,71,tts,ok,34.075,
2026-08-03T06:01:39.504166+00:00,38,tts,ok,29.092,
2026-08-03T06:01:39.562408+00:00,91,tts,ok,45.716,
2026-08-03T06:01:39.628295+00:00,13,stt,ok,7.803,
2026-08-03T06:01:39.667687+00:00,7,tts,ok,25.051,
2026-08-03T06:01:39.683544+00:00,112,tts,ok,42.228,
2026-08-03T06:01:39.821068+00:00,122,tts,ok,18.21,
2026-08-03T06:01:39.845098+00:00,103,tts,ok,23.006,
2026-08-03T06:01:39.881257+00:00,99,stt,ok,8.432,
2026-08-03T06:01:39.982648+00:00,27,tts,ok,25.304,
2026-08-03T06:01:40.048958+00:00,21,tts,ok,31.422,
2026-08-03T06:01:40.163711+00:00,82,stt,ok,7.602,
2026-08-03T06:01:40.390875+00:00,106,stt,ok,7.974,
2026-08-03T06:01:40.534785+00:00,44,tts,ok,20.104,
2026-08-03T06:01:40.589417+00:00,5,tts,ok,27.537,
2026-08-03T06:01:40.689145+00:00,18,tts,ok,31.102,
2026-08-03T06:01:40.790474+00:00,29,tts,ok,31.651,
2026-08-03T06:01:40.855882+00:00,87,tts,ok,14.767,
2026-08-03T06:01:40.866300+00:00,101,tts,ok,21.942,
2026-08-03T06:01:40.914992+00:00,56,stt,ok,7.703,
2026-08-03T06:01:41.072988+00:00,15,tts,ok,29.787,
2026-08-03T06:01:41.135190+00:00,127,stt,ok,6.82,
2026-08-03T06:01:41.193355+00:00,114,stt,ok,10.697,
2026-08-03T06:01:41.381987+00:00,113,tts,ok,29.086,
2026-08-03T06:01:41.443281+00:00,25,stt,ok,6.817,
2026-08-03T06:01:41.600356+00:00,40,stt,rate_limited,3.639,[VERTEX] Rate limit / quota exceeded (code: 429 RESOURCE_EXHAUSTED): Resource exhausted. Please try again later. Please refer to https://cloud.google.com/vertex-ai/generative-ai/docs/error-code-429 for more details.. You have hit Vertex AI's per-minute or per-day quota for this model. Wait at least
2026-08-03T06:01:41.701547+00:00,77,stt,ok,12.077,
2026-08-03T06:01:41.890425+00:00,30,tts,ok,26.362,
2026-08-03T06:01:41.920202+00:00,94,tts,ok,15.037,
2026-08-03T06:01:41.988163+00:00,67,stt,ok,9.371,
2026-08-03T06:01:42.041751+00:00,10,tts,ok,22.398,
2026-08-03T06:01:42.056571+00:00,97,stt,ok,4.533,
2026-08-03T06:01:42.103999+00:00,92,stt,ok,6.946,
2026-08-03T06:01:42.277712+00:00,93,stt,ok,8.472,
2026-08-03T06:01:42.335736+00:00,107,stt,ok,11.498,
2026-08-03T06:01:42.381993+00:00,28,stt,ok,9.106,
2026-08-03T06:01:42.392734+00:00,41,tts,ok,29.772,
2026-08-03T06:01:42.486376+00:00,116,stt,ok,8.97,
2026-08-03T06:01:42.569311+00:00,4,tts,ok,29.385,
2026-08-03T06:01:42.855914+00:00,2,stt,ok,8.435,
2026-08-03T06:01:42.869556+00:00,117,tts,ok,17.356,
2026-08-03T06:01:42.900882+00:00,70,tts,ok,32.986,
2026-08-03T06:01:42.940771+00:00,68,tts,ok,14.917,
2026-08-03T06:01:42.991679+00:00,58,stt,ok,8.174,
2026-08-03T06:01:43.078366+00:00,80,stt,ok,7.504,
2026-08-03T06:01:43.167305+00:00,110,tts,ok,34.9,
2026-08-03T06:01:43.194568+00:00,24,stt,ok,6.835,
2026-08-03T06:01:43.281183+00:00,34,tts,ok,24.929,
2026-08-03T06:01:43.341351+00:00,49,tts,ok,27.504,
2026-08-03T06:01:43.573760+00:00,120,tts,ok,20.788,
2026-08-03T06:01:43.631411+00:00,64,tts,ok,26.373,
2026-08-03T06:01:43.675517+00:00,8,tts,ok,17.594,
2026-08-03T06:01:43.741518+00:00,76,tts,ok,19.372,
2026-08-03T06:01:43.858064+00:00,125,tts,ok,18.892,
2026-08-03T06:01:44.065599+00:00,22,tts,ok,35.032,
2026-08-03T06:01:44.112471+00:00,83,stt,ok,7.819,
2026-08-03T06:01:44.119806+00:00,100,tts,ok,31.125,
2026-08-03T06:01:44.123785+00:00,126,tts,ok,18.605,
2026-08-03T06:01:44.128218+00:00,3,tts,ok,37.642,
2026-08-03T06:01:44.282307+00:00,86,tts,ok,49.068,
2026-08-03T06:01:44.286341+00:00,84,tts,ok,38.82,
2026-08-03T06:01:44.345457+00:00,60,tts,ok,36.527,
2026-08-03T06:01:44.402926+00:00,33,tts,ok,20.718,
2026-08-03T06:01:44.539125+00:00,62,stt,ok,6.384,
2026-08-03T06:01:44.788202+00:00,46,stt,ok,6.322,
2026-08-03T06:01:44.814207+00:00,88,stt,ok,7.829,
2026-08-03T06:01:44.870777+00:00,104,stt,ok,7.015,
2026-08-03T06:01:45.080422+00:00,54,tts,ok,22.388,
2026-08-03T06:01:45.467263+00:00,14,stt,ok,7.564,
2026-08-03T06:01:45.539154+00:00,0,tts,ok,20.723,
2026-08-03T06:01:45.738658+00:00,79,stt,ok,6.439,
2026-08-03T06:01:45.902726+00:00,85,tts,error,16.465,"[KAAPI] Vertex AI connection failed (code: ConnectionError): ('Connection aborted.', RemoteDisconnected('Remote end closed connection without response')). Network or DNS issue reaching Vertex — check network connectivity from the Kaapi backend. If the issue persists, contact Kaapi."
2026-08-03T06:01:45.907425+00:00,90,tts,ok,20.926,
2026-08-03T06:01:45.968509+00:00,51,tts,ok,24.483,
2026-08-03T06:01:45.977679+00:00,52,stt,ok,8.189,
2026-08-03T06:01:46.428003+00:00,61,tts,ok,13.811,
2026-08-03T06:01:46.484479+00:00,118,stt,ok,11.921,
2026-08-03T06:01:46.815392+00:00,101,stt,ok,5.949,
2026-08-03T06:01:47.021484+00:00,95,stt,ok,8.603,
2026-08-03T06:01:47.083811+00:00,53,tts,ok,37.555,
2026-08-03T06:01:47.247982+00:00,43,tts,ok,29.373,
2026-08-03T06:01:47.459244+00:00,5,stt,ok,6.87,
2026-08-03T06:01:47.654829+00:00,119,tts,ok,24.967,
2026-08-03T06:01:47.815632+00:00,38,stt,ok,8.311,
2026-08-03T06:01:47.878372+00:00,41,stt,ok,5.486,
2026-08-03T06:01:48.058664+00:00,127,stt,ok,6.923,
2026-08-03T06:01:48.138267+00:00,50,tts,ok,12.637,
2026-08-03T06:01:48.318411+00:00,6,stt,ok,16.431,
2026-08-03T06:01:48.427531+00:00,21,stt,ok,8.379,
2026-08-03T06:01:48.489605+00:00,67,stt,ok,6.501,
2026-08-03T06:01:48.643130+00:00,39,stt,ok,11.183,
2026-08-03T06:01:48.711648+00:00,18,stt,ok,8.022,
2026-08-03T06:01:48.719635+00:00,116,stt,ok,6.233,
2026-08-03T06:01:48.766537+00:00,107,stt,ok,6.431,
2026-08-03T06:01:48.775965+00:00,113,stt,ok,7.394,
2026-08-03T06:01:49.123728+00:00,48,tts,ok,14.418,
2026-08-03T06:01:49.178391+00:00,94,stt,ok,7.258,
2026-08-03T06:01:49.352464+00:00,112,stt,ok,9.669,
2026-08-03T06:01:49.535963+00:00,11,tts,ok,17.29,
2026-08-03T06:01:49.560288+00:00,124,tts,ok,22.818,
2026-08-03T06:01:49.565888+00:00,47,tts,ok,18.736,
2026-08-03T06:01:49.618942+00:00,97,stt,ok,7.562,
2026-08-03T06:01:49.626925+00:00,19,tts,ok,38.42,
2026-08-03T06:01:49.673548+00:00,82,stt,ok,9.51,
2026-08-03T06:01:49.731744+00:00,93,stt,ok,7.454,
2026-08-03T06:01:49.756236+00:00,99,stt,ok,9.875,
2026-08-03T06:01:49.797680+00:00,44,stt,ok,9.263,
2026-08-03T06:01:49.930245+00:00,76,stt,ok,6.189,
2026-08-03T06:01:49.991070+00:00,34,stt,ok,6.71,
2026-08-03T06:01:49.991868+00:00,35,stt,ok,11.641,
2026-08-03T06:01:50.055242+00:00,98,stt,ok,24.028,
2026-08-03T06:01:50.233826+00:00,8,stt,ok,6.558,
2026-08-03T06:01:50.312128+00:00,17,tts,ok,14.435,
2026-08-03T06:01:50.589211+00:00,95,stt,rate_limited,3.568,[VERTEX] Rate limit / quota exceeded (code: 429 RESOURCE_EXHAUSTED): Resource exhausted. Please try again later. Please refer to https://cloud.google.com/vertex-ai/generative-ai/docs/error-code-429 for more details.. You have hit Vertex AI's per-minute or per-day quota for this model. Wait at least
2026-08-03T06:01:50.619316+00:00,29,stt,ok,9.829,
2026-08-03T06:01:50.770953+00:00,68,stt,ok,7.83,
2026-08-03T06:01:50.808172+00:00,3,stt,ok,6.68,
2026-08-03T06:01:50.870538+00:00,90,stt,rate_limited,4.963,[VERTEX] Rate limit / quota exceeded (code: 429 RESOURCE_EXHAUSTED): Resource exhausted. Please try again later. Please refer to https://cloud.google.com/vertex-ai/generative-ai/docs/error-code-429 for more details.. You have hit Vertex AI's per-minute or per-day quota for this model. Wait at least
2026-08-03T06:01:51.058124+00:00,78,stt,rate_limited,13.436,[VERTEX] Rate limit / quota exceeded (code: 429 RESOURCE_EXHAUSTED): Resource exhausted. Please try again later. Please refer to https://cloud.google.com/vertex-ai/generative-ai/docs/error-code-429 for more details.. You have hit Vertex AI's per-minute or per-day quota for this model. Wait at least
2026-08-03T06:01:51.146530+00:00,49,stt,ok,7.805,
2026-08-03T06:01:51.224035+00:00,106,stt,ok,10.833,
2026-08-03T06:01:51.280086+00:00,20,tts,ok,31.39,
2026-08-03T06:01:51.331014+00:00,26,tts,ok,12.775,
2026-08-03T06:01:51.376737+00:00,36,tts,ok,13.363,
2026-08-03T06:01:51.475112+00:00,111,tts,ok,19.276,
2026-08-03T06:01:51.886238+00:00,63,tts,ok,15.666,
2026-08-03T06:01:51.972562+00:00,60,stt,ok,7.627,
2026-08-03T06:01:52.073075+00:00,23,tts,ok,14.982,
2026-08-03T06:01:52.126870+00:00,12,tts,ok,16.301,
2026-08-03T06:01:52.188676+00:00,55,tts,ok,30.722,
2026-08-03T06:01:52.346404+00:00,79,stt,ok,6.608,
2026-08-03T06:01:52.569960+00:00,96,tts,ok,14.613,
2026-08-03T06:01:52.633213+00:00,119,stt,rate_limited,4.978,[VERTEX] Rate limit / quota exceeded (code: 429 RESOURCE_EXHAUSTED): Resource exhausted. Please try again later. Please refer to https://cloud.google.com/vertex-ai/generative-ai/docs/error-code-429 for more details.. You have hit Vertex AI's per-minute or per-day quota for this model. Wait at least
2026-08-03T06:01:52.953551+00:00,74,tts,ok,14.933,
2026-08-03T06:01:52.982312+00:00,1,tts,ok,15.937,
2026-08-03T06:01:53.102951+00:00,88,stt,ok,8.289,
2026-08-03T06:01:53.160739+00:00,62,stt,ok,8.622,
2026-08-03T06:01:53.224475+00:00,118,stt,ok,6.74,
2026-08-03T06:01:53.228261+00:00,76,stt,rate_limited,3.298,[VERTEX] Rate limit / quota exceeded (code: 429 RESOURCE_EXHAUSTED): Resource exhausted. Please try again later. Please refer to https://cloud.google.com/vertex-ai/generative-ai/docs/error-code-429 for more details.. You have hit Vertex AI's per-minute or per-day quota for this model. Wait at least
2026-08-03T06:01:53.333277+00:00,66,tts,ok,16.281,
2026-08-03T06:01:53.405178+00:00,31,tts,ok,43.25,
2026-08-03T06:01:53.716184+00:00,65,tts,ok,18.815,
2026-08-03T06:01:53.756339+00:00,121,tts,ok,20.154,
2026-08-03T06:01:53.765191+00:00,61,stt,ok,7.337,
2026-08-03T06:01:53.767293+00:00,0,stt,ok,8.228,
2026-08-03T06:01:53.849145+00:00,73,tts,ok,14.896,
2026-08-03T06:01:54.145467+00:00,7,tts,ok,14.478,
2026-08-03T06:01:54.586352+00:00,43,stt,ok,7.338,
2026-08-03T06:01:54.716860+00:00,14,stt,ok,9.25,
2026-08-03T06:01:54.935900+00:00,78,stt,rate_limited,3.878,[VERTEX] Rate limit / quota exceeded (code: 429 RESOURCE_EXHAUSTED): Resource exhausted. Please try again later. Please refer to https://cloud.google.com/vertex-ai/generative-ai/docs/error-code-429 for more details.. You have hit Vertex AI's per-minute or per-day quota for this model. Wait at least
2026-08-03T06:01:55.141313+00:00,16,tts,ok,17.187,
2026-08-03T06:01:55.338863+00:00,87,tts,ok,14.483,
2026-08-03T06:01:55.583639+00:00,75,tts,ok,34.616,
2026-08-03T06:01:55.590165+00:00,5,stt,ok,8.131,
2026-08-03T06:01:55.697952+00:00,20,stt,rate_limited,4.418,[VERTEX] Rate limit / quota exceeded (code: 429 RESOURCE_EXHAUSTED): Resource exhausted. Please try again later. Please refer to https://cloud.google.com/vertex-ai/generative-ai/docs/error-code-429 for more details.. You have hit Vertex AI's per-minute or per-day quota for this model. Wait at least
2026-08-03T06:01:55.854712+00:00,33,stt,ok,11.452,
2026-08-03T06:01:55.926933+00:00,127,stt,ok,7.868,
2026-08-03T06:01:55.988274+00:00,114,tts,ok,14.795,
2026-08-03T06:01:56.133666+00:00,25,tts,ok,14.69,
2026-08-03T06:01:56.141883+00:00,60,stt,rate_limited,4.169,[VERTEX] Rate limit / quota exceeded (code: 429 RESOURCE_EXHAUSTED): Resource exhausted. Please try again later. Please refer to https://cloud.google.com/vertex-ai/generative-ai/docs/error-code-429 for more details.. You have hit Vertex AI's per-minute or per-day quota for this model. Wait at least
2026-08-03T06:01:56.233346+00:00,112,stt,ok,6.881,
2026-08-03T06:01:56.332307+00:00,39,stt,ok,7.689,
2026-08-03T06:01:56.484388+00:00,72,tts,ok,19.085,
2026-08-03T06:01:56.544911+00:00,106,stt,ok,5.321,
2026-08-03T06:01:56.601449+00:00,90,stt,rate_limited,5.731,[VERTEX] Rate limit / quota exceeded (code: 429 RESOURCE_EXHAUSTED): Resource exhausted. Please try again later. Please refer to https://cloud.google.com/vertex-ai/generative-ai/docs/error-code-429 for more details.. You have hit Vertex AI's per-minute or per-day quota for this model. Wait at least
2026-08-03T06:01:56.656552+00:00,47,stt,ok,7.091,
2026-08-03T06:01:56.736729+00:00,104,stt,ok,11.866,
2026-08-03T06:01:56.877045+00:00,13,tts,ok,17.249,
2026-08-03T06:01:56.937469+00:00,32,tts,ok,19.362,
2026-08-03T06:01:56.989779+00:00,92,tts,ok,14.886,
2026-08-03T06:01:57.211304+00:00,103,tts,ok,17.366,
2026-08-03T06:01:57.290727+00:00,29,stt,ok,6.671,
2026-08-03T06:01:57.494816+00:00,73,stt,rate_limited,3.646,[VERTEX] Rate limit / quota exceeded (code: 429 RESOURCE_EXHAUSTED): Resource exhausted. Please try again later. Please refer to https://cloud.google.com/vertex-ai/generative-ai/docs/error-code-429 for more details.. You have hit Vertex AI's per-minute or per-day quota for this model. Wait at least
2026-08-03T06:01:57.612474+00:00,102,tts,ok,36.33,
2026-08-03T06:01:57.990852+00:00,9,tts,ok,24.11,
2026-08-03T06:01:58.061837+00:00,64,tts,ok,14.43,
2026-08-03T06:01:58.240398+00:00,37,tts,ok,45.26,
2026-08-03T06:01:58.315031+00:00,120,tts,ok,14.741,
2026-08-03T06:01:58.419960+00:00,16,stt,rate_limited,3.279,[VERTEX] Rate limit / quota exceeded (code: 429 RESOURCE_EXHAUSTED): Resource exhausted. Please try again later. Please refer to https://cloud.google.com/vertex-ai/generative-ai/docs/error-code-429 for more details.. You have hit Vertex AI's per-minute or per-day quota for this model. Wait at least
2026-08-03T06:01:58.798921+00:00,45,tts,ok,20.697,
2026-08-03T06:01:58.813633+00:00,24,tts,ok,15.619,
2026-08-03T06:01:58.969224+00:00,89,tts,ok,45.279,
2026-08-03T06:01:59.229844+00:00,19,stt,ok,9.603,
2026-08-03T06:01:59.262516+00:00,23,stt,ok,7.189,
2026-08-03T06:01:59.269491+00:00,33,stt,rate_limited,3.414,[VERTEX] Rate limit / quota exceeded (code: 429 RESOURCE_EXHAUSTED): Resource exhausted. Please try again later. Please refer to https://cloud.google.com/vertex-ai/generative-ai/docs/error-code-429 for more details.. You have hit Vertex AI's per-minute or per-day quota for this model. Wait at least
2026-08-03T06:01:59.478642+00:00,109,tts,ok,21.408,
2026-08-03T06:01:59.534923+00:00,41,stt,ok,11.657,
2026-08-03T06:01:59.542509+00:00,117,tts,ok,16.673,
2026-08-03T06:01:59.594345+00:00,77,tts,ok,17.893,
2026-08-03T06:01:59.749909+00:00,27,tts,ok,19.767,
2026-08-03T06:01:59.944552+00:00,57,tts,ok,20.988,
2026-08-03T06:01:59.997409+00:00,83,tts,ok,15.885,
2026-08-03T06:02:00.182697+00:00,32,stt,rate_limited,3.245,[VERTEX] Rate limit / quota exceeded (code: 429 RESOURCE_EXHAUSTED): Resource exhausted. Please try again later. Please refer to https://cloud.google.com/vertex-ai/generative-ai/docs/error-code-429 for more details.. You have hit Vertex AI's per-minute or per-day quota for this model. Wait at least
2026-08-03T06:02:00.227585+00:00,86,tts,ok,15.945,
2026-08-03T06:02:00.284753+00:00,62,stt,rate_limited,7.124,[VERTEX] Rate limit / quota exceeded (code: 429 RESOURCE_EXHAUSTED): Resource exhausted. Please try again later. Please refer to https://cloud.google.com/vertex-ai/generative-ai/docs/error-code-429 for more details.. You have hit Vertex AI's per-minute or per-day quota for this model. Wait at least
2026-08-03T06:02:00.768663+00:00,54,tts,ok,15.688,
2026-08-03T06:02:00.887202+00:00,115,tts,ok,25.829,
2026-08-03T06:02:00.947892+00:00,14,stt,ok,6.231,
2026-08-03T06:02:00.999859+00:00,53,tts,ok,13.916,
2026-08-03T06:02:01.099659+00:00,101,tts,ok,14.284,
2026-08-03T06:02:01.151492+00:00,125,tts,ok,17.293,
2026-08-03T06:02:01.324265+00:00,116,tts,ok,12.605,
2026-08-03T06:02:01.605615+00:00,120,stt,rate_limited,3.291,[VERTEX] Rate limit / quota exceeded (code: 429 RESOURCE_EXHAUSTED): Resource exhausted. Please try again later. Please refer to https://cloud.google.com/vertex-ai/generative-ai/docs/error-code-429 for more details.. You have hit Vertex AI's per-minute or per-day quota for this model. Wait at least
2026-08-03T06:02:02.100666+00:00,64,stt,rate_limited,4.039,[VERTEX] Rate limit / quota exceeded (code: 429 RESOURCE_EXHAUSTED): Resource exhausted. Please try again later. Please refer to https://cloud.google.com/vertex-ai/generative-ai/docs/error-code-429 for more details.. You have hit Vertex AI's per-minute or per-day quota for this model. Wait at least
2026-08-03T06:02:02.213551+00:00,15,tts,ok,21.14,
2026-08-03T06:02:02.398036+00:00,94,tts,ok,13.22,
2026-08-03T06:02:02.490092+00:00,81,tts,ok,30.838,
2026-08-03T06:02:02.537630+00:00,79,stt,ok,10.191,
2026-08-03T06:02:02.623204+00:00,4,tts,ok,20.054,
2026-08-03T06:02:02.804234+00:00,40,tts,ok,21.204,
2026-08-03T06:02:02.865071+00:00,60,stt,ok,6.723,
2026-08-03T06:02:02.866874+00:00,73,stt,ok,5.372,
2026-08-03T06:02:02.874114+00:00,100,tts,ok,18.754,
2026-08-03T06:02:03.226159+00:00,109,stt,rate_limited,3.747,[VERTEX] Rate limit / quota exceeded (code: 429 RESOURCE_EXHAUSTED): Resource exhausted. Please try again later. Please refer to https://cloud.google.com/vertex-ai/generative-ai/docs/error-code-429 for more details.. You have hit Vertex AI's per-minute or per-day quota for this model. Wait at least
2026-08-03T06:02:03.287727+00:00,9,stt,rate_limited,5.297,[VERTEX] Rate limit / quota exceeded (code: 429 RESOURCE_EXHAUSTED): Resource exhausted. Please try again later. Please refer to https://cloud.google.com/vertex-ai/generative-ai/docs/error-code-429 for more details.. You have hit Vertex AI's per-minute or per-day quota for this model. Wait at least
2026-08-03T06:02:03.354269+00:00,33,stt,rate_limited,4.085,[VERTEX] Rate limit / quota exceeded (code: 429 RESOURCE_EXHAUSTED): Resource exhausted. Please try again later. Please refer to https://cloud.google.com/vertex-ai/generative-ai/docs/error-code-429 for more details.. You have hit Vertex AI's per-minute or per-day quota for this model. Wait at least
2026-08-03T06:02:03.411730+00:00,90,stt,ok,6.81,
2026-08-03T06:02:03.457047+00:00,77,stt,rate_limited,3.863,[VERTEX] Rate limit / quota exceeded (code: 429 RESOURCE_EXHAUSTED): Resource exhausted. Please try again later. Please refer to https://cloud.google.com/vertex-ai/generative-ai/docs/error-code-429 for more details.. You have hit Vertex AI's per-minute or per-day quota for this model. Wait at least
2026-08-03T06:02:03.508057+00:00,117,stt,rate_limited,3.966,[VERTEX] Rate limit / quota exceeded (code: 429 RESOURCE_EXHAUSTED): Resource exhausted. Please try again later. Please refer to https://cloud.google.com/vertex-ai/generative-ai/docs/error-code-429 for more details.. You have hit Vertex AI's per-minute or per-day quota for this model. Wait at least
2026-08-03T06:02:03.605273+00:00,27,stt,rate_limited,3.855,[VERTEX] Rate limit / quota exceeded (code: 429 RESOURCE_EXHAUSTED): Resource exhausted. Please try again later. Please refer to https://cloud.google.com/vertex-ai/generative-ai/docs/error-code-429 for more details.. You have hit Vertex AI's per-minute or per-day quota for this model. Wait at least
2026-08-03T06:02:03.660821+00:00,123,tts,ok,34.101,
2026-08-03T06:02:03.846894+00:00,80,tts,ok,20.769,
2026-08-03T06:02:04.254354+00:00,54,stt,rate_limited,3.485,[VERTEX] Rate limit / quota exceeded (code: 429 RESOURCE_EXHAUSTED): Resource exhausted. Please try again later. Please refer to https://cloud.google.com/vertex-ai/generative-ai/docs/error-code-429 for more details.. You have hit Vertex AI's per-minute or per-day quota for this model. Wait at least
2026-08-03T06:02:04.468009+00:00,86,stt,rate_limited,4.24,[VERTEX] Rate limit / quota exceeded (code: 429 RESOURCE_EXHAUSTED): Resource exhausted. Please try again later. Please refer to https://cloud.google.com/vertex-ai/generative-ai/docs/error-code-429 for more details.. You have hit Vertex AI's per-minute or per-day quota for this model. Wait at least
2026-08-03T06:02:04.470907+00:00,125,stt,rate_limited,3.319,[VERTEX] Rate limit / quota exceeded (code: 429 RESOURCE_EXHAUSTED): Resource exhausted. Please try again later. Please refer to https://cloud.google.com/vertex-ai/generative-ai/docs/error-code-429 for more details.. You have hit Vertex AI's per-minute or per-day quota for this model. Wait at least
2026-08-03T06:02:04.553351+00:00,13,stt,ok,7.676,
2026-08-03T06:02:04.626650+00:00,82,tts,ok,14.953,
2026-08-03T06:02:04.675347+00:00,99,tts,ok,14.919,
2026-08-03T06:02:04.777005+00:00,51,tts,ok,18.808,
2026-08-03T06:02:04.797397+00:00,6,tts,ok,16.479,
2026-08-03T06:02:04.862626+00:00,111,tts,ok,13.388,
2026-08-03T06:02:04.909825+00:00,72,stt,ok,8.425,
2026-08-03T06:02:05.210280+00:00,29,stt,ok,7.92,
2026-08-03T06:02:05.380727+00:00,53,stt,rate_limited,4.381,[VERTEX] Rate limit / quota exceeded (code: 429 RESOURCE_EXHAUSTED): Resource exhausted. Please try again later. Please refer to https://cloud.google.com/vertex-ai/generative-ai/docs/error-code-429 for more details.. You have hit Vertex AI's per-minute or per-day quota for this model. Wait at least
2026-08-03T06:02:05.394331+00:00,50,stt,ok,17.256,
2026-08-03T06:02:05.655729+00:00,122,tts,ok,25.835,
2026-08-03T06:02:05.731191+00:00,36,tts,ok,14.354,
2026-08-03T06:02:05.785279+00:00,83,stt,ok,5.788,
2026-08-03T06:02:05.850514+00:00,1,tts,ok,12.868,
2026-08-03T06:02:05.858821+00:00,105,tts,ok,27.457,
2026-08-03T06:02:06.018282+00:00,12,tts,ok,13.891,
2026-08-03T06:02:06.028551+00:00,59,tts,ok,27.898,
2026-08-03T06:02:06.062819+00:00,64,stt,rate_limited,3.962,[VERTEX] Rate limit / quota exceeded (code: 429 RESOURCE_EXHAUSTED): Resource exhausted. Please try again later. Please refer to https://cloud.google.com/vertex-ai/generative-ai/docs/error-code-429 for more details.. You have hit Vertex AI's per-minute or per-day quota for this model. Wait at least
2026-08-03T06:02:06.089379+00:00,21,tts,ok,17.662,
2026-08-03T06:02:06.097434+00:00,52,tts,ok,20.12,
2026-08-03T06:02:06.179865+00:00,40,stt,rate_limited,3.376,[VERTEX] Rate limit / quota exceeded (code: 429 RESOURCE_EXHAUSTED): Resource exhausted. Please try again later. Please refer to https://cloud.google.com/vertex-ai/generative-ai/docs/error-code-429 for more details.. You have hit Vertex AI's per-minute or per-day quota for this model. Wait at least
2026-08-03T06:02:06.333729+00:00,79,stt,rate_limited,3.796,[VERTEX] Rate limit / quota exceeded (code: 429 RESOURCE_EXHAUSTED): Resource exhausted. Please try again later. Please refer to https://cloud.google.com/vertex-ai/generative-ai/docs/error-code-429 for more details.. You have hit Vertex AI's per-minute or per-day quota for this model. Wait at least
2026-08-03T06:02:06.391750+00:00,37,stt,ok,8.151,
2026-08-03T06:02:06.663345+00:00,124,tts,ok,17.103,
2026-08-03T06:02:06.674344+00:00,42,tts,ok,28.569,
2026-08-03T06:02:06.750167+00:00,47,stt,ok,10.094,
2026-08-03T06:02:06.961064+00:00,81,stt,rate_limited,4.471,[VERTEX] Rate limit / quota exceeded (code: 429 RESOURCE_EXHAUSTED): Resource exhausted. Please try again later. Please refer to https://cloud.google.com/vertex-ai/generative-ai/docs/error-code-429 for more details.. You have hit Vertex AI's per-minute or per-day quota for this model. Wait at least
2026-08-03T06:02:07.020188+00:00,85,tts,ok,21.117,
2026-08-03T06:02:07.285192+00:00,11,tts,ok,17.749,
2026-08-03T06:02:07.420144+00:00,31,tts,ok,14.015,
2026-08-03T06:02:07.422563+00:00,117,stt,rate_limited,3.914,[VERTEX] Rate limit / quota exceeded (code: 429 RESOURCE_EXHAUSTED): Resource exhausted. Please try again later. Please refer to https://cloud.google.com/vertex-ai/generative-ai/docs/error-code-429 for more details.. You have hit Vertex AI's per-minute or per-day quota for this model. Wait at least
2026-08-03T06:02:07.714529+00:00,27,stt,rate_limited,4.109,[VERTEX] Rate limit / quota exceeded (code: 429 RESOURCE_EXHAUSTED): Resource exhausted. Please try again later. Please refer to https://cloud.google.com/vertex-ai/generative-ai/docs/error-code-429 for more details.. You have hit Vertex AI's per-minute or per-day quota for this model. Wait at least
2026-08-03T06:02:07.726147+00:00,17,tts,ok,17.414,
2026-08-03T06:02:07.798998+00:00,93,tts,ok,18.067,
2026-08-03T06:02:07.927144+00:00,9,stt,rate_limited,4.639,[VERTEX] Rate limit / quota exceeded (code: 429 RESOURCE_EXHAUSTED): Resource exhausted. Please try again later. Please refer to https://cloud.google.com/vertex-ai/generative-ai/docs/error-code-429 for more details.. You have hit Vertex AI's per-minute or per-day quota for this model. Wait at least
2026-08-03T06:02:08.247067+00:00,14,stt,rate_limited,7.299,[VERTEX] Rate limit / quota exceeded (code: 429 RESOURCE_EXHAUSTED): Resource exhausted. Please try again later. Please refer to https://cloud.google.com/vertex-ai/generative-ai/docs/error-code-429 for more details.. You have hit Vertex AI's per-minute or per-day quota for this model. Wait at least
2026-08-03T06:02:08.342735+00:00,78,tts,ok,13.407,
2026-08-03T06:02:08.348346+00:00,101,stt,rate_limited,7.249,[VERTEX] Rate limit / quota exceeded (code: 429 RESOURCE_EXHAUSTED): Resource exhausted. Please try again later. Please refer to https://cloud.google.com/vertex-ai/generative-ai/docs/error-code-429 for more details.. You have hit Vertex AI's per-minute or per-day quota for this model. Wait at least
2026-08-03T06:02:08.426831+00:00,99,stt,rate_limited,3.751,[VERTEX] Rate limit / quota exceeded (code: 429 RESOURCE_EXHAUSTED): Resource exhausted. Please try again later. Please refer to https://cloud.google.com/vertex-ai/generative-ai/docs/error-code-429 for more details.. You have hit Vertex AI's per-minute or per-day quota for this model. Wait at least
2026-08-03T06:02:08.526088+00:00,82,stt,rate_limited,3.899,[VERTEX] Rate limit / quota exceeded (code: 429 RESOURCE_EXHAUSTED): Resource exhausted. Please try again later. Please refer to https://cloud.google.com/vertex-ai/generative-ai/docs/error-code-429 for more details.. You have hit Vertex AI's per-minute or per-day quota for this model. Wait at least
2026-08-03T06:02:08.857662+00:00,111,stt,rate_limited,3.995,[VERTEX] Rate limit / quota exceeded (code: 429 RESOURCE_EXHAUSTED): Resource exhausted. Please try again later. Please refer to https://cloud.google.com/vertex-ai/generative-ai/docs/error-code-429 for more details.. You have hit Vertex AI's per-minute or per-day quota for this model. Wait at least
2026-08-03T06:02:08.953522+00:00,46,tts,ok,24.165,
2026-08-03T06:02:09.433788+00:00,43,tts,ok,14.847,
2026-08-03T06:02:09.490349+00:00,69,tts,ok,31.88,
2026-08-03T06:02:09.719778+00:00,104,tts,ok,12.983,
2026-08-03T06:02:10.172067+00:00,66,tts,ok,16.839,
2026-08-03T06:02:10.336053+00:00,102,tts,ok,12.724,
2026-08-03T06:02:10.896046+00:00,0,tts,ok,17.129,
2026-08-03T06:02:11.572838+00:00,5,tts,ok,15.983,
2026-08-03T06:02:11.746914+00:00,127,tts,ok,15.82,
2026-08-03T06:02:12.195958+00:00,103,tts,ok,14.985,
2026-08-03T06:02:12.522061+00:00,97,tts,ok,22.903,
2026-08-03T06:02:12.539910+00:00,114,tts,ok,16.552,
2026-08-03T06:02:12.709784+00:00,22,stt,ok,28.644,
2026-08-03T06:02:12.721730+00:00,16,tts,ok,14.302,
2026-08-03T06:02:13.063175+00:00,3,tts,ok,22.255,
2026-08-03T06:02:13.581440+00:00,33,stt,rate_limited,10.227,[VERTEX] Rate limit / quota exceeded (code: 429 RESOURCE_EXHAUSTED): Resource exhausted. Please try again later. Please refer to https://cloud.google.com/vertex-ai/generative-ai/docs/error-code-429 for more details.. You have hit Vertex AI's per-minute or per-day quota for this model. Wait at least
2026-08-03T06:02:13.880089+00:00,96,tts,ok,21.31,
2026-08-03T06:02:14.024692+00:00,89,tts,ok,15.055,
2026-08-03T06:02:14.087615+00:00,112,tts,ok,17.854,
2026-08-03T06:02:14.185300+00:00,55,tts,ok,21.997,
2026-08-03T06:02:14.243131+00:00,44,tts,ok,24.445,
2026-08-03T06:02:14.420946+00:00,107,tts,ok,25.654,
2026-08-03T06:02:14.571541+00:00,48,tts,ok,25.448,
2026-08-03T06:02:14.659329+00:00,67,tts,ok,26.17,
2026-08-03T06:02:14.969977+00:00,25,tts,ok,18.836,
2026-08-03T06:02:15.130640+00:00,65,tts,ok,21.414,
2026-08-03T06:02:15.328190+00:00,70,tts,ok,32.427,
2026-08-03T06:02:15.588314+00:00,28,tts,ok,33.206,
2026-08-03T06:02:15.702961+00:00,113,tts,ok,26.927,
2026-08-03T06:02:15.986696+00:00,13,stt,ok,11.433,
2026-08-03T06:02:16.151777+00:00,24,tts,ok,17.338,
2026-08-03T06:02:16.308389+00:00,118,tts,ok,23.084,
2026-08-03T06:02:16.698443+00:00,15,tts,ok,14.485,
2026-08-03T06:02:18.138749+00:00,76,tts,ok,24.911,
2026-08-03T06:02:18.452868+00:00,56,tts,ok,37.538,
2026-08-03T06:02:18.707225+00:00,18,tts,ok,29.996,
2026-08-03T06:02:19.508675+00:00,63,tts,ok,27.622,
2026-08-03T06:02:19.549084+00:00,80,tts,ok,15.702,
2026-08-03T06:02:19.805404+00:00,72,tts,ok,14.896,
2026-08-03T06:02:19.884681+00:00,23,tts,ok,20.622,
2026-08-03T06:02:20.571200+00:00,39,tts,ok,24.239,
2026-08-03T06:02:20.664312+00:00,2,tts,ok,37.808,
2026-08-03T06:02:21.283548+00:00,92,tts,ok,24.294,
2026-08-03T06:02:21.469265+00:00,100,tts,ok,18.595,
2026-08-03T06:02:21.479817+00:00,51,tts,ok,16.703,
2026-08-03T06:02:21.534329+00:00,54,tts,ok,17.28,
2026-08-03T06:02:21.654081+00:00,73,tts,ok,18.787,
2026-08-03T06:02:21.971689+00:00,30,tts,ok,40.081,
2026-08-03T06:02:22.220610+00:00,61,tts,ok,28.455,
2026-08-03T06:02:22.242377+00:00,77,tts,ok,18.785,
2026-08-03T06:02:22.307297+00:00,29,tts,ok,17.097,
2026-08-03T06:02:22.397577+00:00,35,tts,ok,32.406,
2026-08-03T06:02:22.454389+00:00,6,tts,ok,17.657,
2026-08-03T06:02:22.484887+00:00,125,tts,ok,18.014,
2026-08-03T06:02:22.593200+00:00,109,tts,ok,19.367,
2026-08-03T06:02:22.660151+00:00,57,tts,ok,22.716,
2026-08-03T06:02:22.673470+00:00,91,tts,ok,43.111,
2026-08-03T06:02:22.853961+00:00,123,tts,ok,19.193,
2026-08-03T06:02:23.045385+00:00,60,tts,ok,20.18,
2026-08-03T06:02:23.131484+00:00,95,tts,ok,32.542,
2026-08-03T06:02:23.194222+00:00,98,tts,ok,33.139,
2026-08-03T06:02:23.340400+00:00,53,tts,ok,17.96,
2026-08-03T06:02:23.492276+00:00,8,tts,ok,33.258,
2026-08-03T06:02:23.791440+00:00,38,tts,ok,35.976,
2026-08-03T06:02:23.985254+00:00,110,tts,ok,40.818,
2026-08-03T06:02:24.223735+00:00,49,tts,ok,33.077,
2026-08-03T06:02:24.235206+00:00,115,tts,ok,23.348,
2026-08-03T06:02:24.536894+00:00,19,tts,ok,25.307,
2026-08-03T06:02:24.585229+00:00,121,tts,ok,30.829,
2026-08-03T06:02:24.842983+00:00,45,tts,ok,26.044,
2026-08-03T06:02:24.904327+00:00,88,tts,ok,31.801,
2026-08-03T06:02:24.954864+00:00,84,tts,ok,40.669,
2026-08-03T06:02:25.089344+00:00,86,tts,ok,20.621,
2026-08-03T06:02:25.137717+00:00,119,tts,ok,32.505,
2026-08-03T06:02:25.677132+00:00,7,tts,ok,31.532,
2026-08-03T06:02:26.306963+00:00,4,tts,ok,23.684,
2026-08-03T06:02:26.682964+00:00,87,tts,ok,31.344,
2026-08-03T06:02:27.016546+00:00,34,tts,ok,37.026,
2026-08-03T06:02:27.551148+00:00,32,tts,ok,27.368,
2026-08-03T06:02:27.558726+00:00,120,tts,ok,25.953,
2026-08-03T06:02:27.666159+00:00,74,tts,ok,34.713,
2026-08-03T06:02:28.337223+00:00,68,tts,ok,37.566,
2026-08-03T06:02:29.311948+00:00,50,tts,ok,23.918,
2026-08-03T06:02:29.358755+00:00,62,tts,ok,29.074,
2026-08-03T06:02:30.227329+00:00,116,tts,ok,28.903,
2026-08-03T06:02:30.580221+00:00,75,tts,ok,34.997,
2026-08-03T06:02:30.879692+00:00,58,tts,ok,47.888,
2026-08-03T06:02:31.438829+00:00,20,tts,ok,35.741,
2026-08-03T06:02:31.453680+00:00,108,tts,ok,53.936,
2026-08-03T06:02:33.385801+00:00,126,tts,ok,49.262,
2026-08-03T06:02:33.648032+00:00,71,tts,ok,54.281,
2026-08-03T06:02:33.731692+00:00,10,tts,ok,51.69,
2026-08-03T06:02:36.932740+00:00,90,tts,ok,33.521,
2026-08-03T06:02:41.657663+00:00,26,tts,ok,50.327,
2026-08-03T06:02:45.423617+00:00,41,tts,ok,45.889,
2026-08-03T06:02:57.635511+00:00,106,stt,error,61.091,"[KAAPI] Vertex AI request timed out after 60s (code: ReadTimeout): HTTPSConnectionPool(host='us-central1-aiplatform.googleapis.com', port=443): Read timed out. (read timeout=60). The request took too long to complete — retry with a smaller payload or contact Kaapi if the issue persists."
2026-08-03T06:03:04.772895+00:00,94,stt,error,62.375,"[KAAPI] Vertex AI request timed out after 60s (code: ReadTimeout): HTTPSConnectionPool(host='us-central1-aiplatform.googleapis.com', port=443): Read timed out. (read timeout=60). The request took too long to complete — retry with a smaller payload or contact Kaapi if the issue persists."
